plot,plotpasture,pasture,water.yr,wyr.ppt,f.ppt,cs.ppt,gs.ppt,lag.wyr,lag.f,lag.cs,lag.gs,lag2.wyr,lag2.f,lag2.cs,lag2.gs
1,1_15E,15E,2011,271.0855477,10.3706478,49.022,211.6928998,NA,NA,NA,NA,NA,NA,NA,NA
1,1_15E,15E,2012,194.9437884,89.98170761,18.288,86.67408084,271.0855477,10.3706478,49.022,211.6928998,NA,NA,NA,NA
1,1_15E,15E,2013,276.7731643,73.5464659,26.416,176.8106984,194.9437884,89.98170761,18.288,86.67408084,271.0855477,10.3706478,211.6928998,211.6928998
1,1_15E,15E,2014,479.1427199,218.9613982,76.2,183.9813217,276.7731643,73.5464659,26.416,176.8106984,194.9437884,89.98170761,86.67408084,86.67408084
1,1_15E,15E,2015,408.583385,73.86161136,60.198,274.5237737,479.1427199,218.9613982,76.2,183.9813217,276.7731643,73.5464659,176.8106984,176.8106984
1,1_15E,15E,2016,252.7701662,64.72604583,71.374,116.6701204,408.583385,73.86161136,60.198,274.5237737,479.1427199,218.9613982,183.9813217,183.9813217
1,1_15E,15E,2017,275.3103215,38.86185743,55.88,180.5684641,252.7701662,64.72604583,71.374,116.6701204,408.583385,73.86161136,274.5237737,274.5237737
1,1_15E,15E,2018,303.5019514,84.35255673,53.34,165.8093947,275.3103215,38.86185743,55.88,180.5684641,252.7701662,64.72604583,116.6701204,116.6701204
1,1_15E,15E,2019,369.907057,15.92463554,87.466008,266.5164135,303.5019514,84.35255673,53.34,165.8093947,275.3103215,38.86185743,180.5684641,180.5684641
1,1_15E,15E,2020,267.1781501,33.14088942,78.92299835,155.1142623,369.907057,15.92463554,87.466008,266.5164135,303.5019514,84.35255673,165.8093947,165.8093947
1,1_15E,15E,2021,362.4823834,29.5168066,112.5046555,220.4609213,267.1781501,33.14088942,78.92299835,155.1142623,369.907057,15.92463554,266.5164135,266.5164135
1,1_15E,15E,2022,226.49008,40.26042609,64.36661482,121.8630391,362.4823834,29.5168066,112.5046555,220.4609213,267.1781501,33.14088942,155.1142623,155.1142623
1,1_15E,15E,2023,417.5587673,45.71001717,48.514,323.3347501,226.49008,40.26042609,64.36661482,121.8630391,362.4823834,29.5168066,220.4609213,220.4609213
2,2_15E,15E,2011,271.0855477,10.3706478,49.022,211.6928998,NA,NA,NA,NA,NA,NA,NA,NA
2,2_15E,15E,2012,194.9437884,89.98170761,18.288,86.67408084,271.0855477,10.3706478,49.022,211.6928998,NA,NA,NA,NA
2,2_15E,15E,2013,276.7731643,73.5464659,26.416,176.8106984,194.9437884,89.98170761,18.288,86.67408084,271.0855477,10.3706478,211.6928998,211.6928998
2,2_15E,15E,2014,479.1427199,218.9613982,76.2,183.9813217,276.7731643,73.5464659,26.416,176.8106984,194.9437884,89.98170761,86.67408084,86.67408084
2,2_15E,15E,2015,408.583385,73.86161136,60.198,274.5237737,479.1427199,218.9613982,76.2,183.9813217,276.7731643,73.5464659,176.8106984,176.8106984
2,2_15E,15E,2016,252.7701662,64.72604583,71.374,116.6701204,408.583385,73.86161136,60.198,274.5237737,479.1427199,218.9613982,183.9813217,183.9813217
2,2_15E,15E,2017,275.3103215,38.86185743,55.88,180.5684641,252.7701662,64.72604583,71.374,116.6701204,408.583385,73.86161136,274.5237737,274.5237737
2,2_15E,15E,2018,303.5019514,84.35255673,53.34,165.8093947,275.3103215,38.86185743,55.88,180.5684641,252.7701662,64.72604583,116.6701204,116.6701204
2,2_15E,15E,2019,369.907057,15.92463554,87.466008,266.5164135,303.5019514,84.35255673,53.34,165.8093947,275.3103215,38.86185743,180.5684641,180.5684641
2,2_15E,15E,2020,267.1781501,33.14088942,78.92299835,155.1142623,369.907057,15.92463554,87.466008,266.5164135,303.5019514,84.35255673,165.8093947,165.8093947
2,2_15E,15E,2021,362.4823834,29.5168066,112.5046555,220.4609213,267.1781501,33.14088942,78.92299835,155.1142623,369.907057,15.92463554,266.5164135,266.5164135
2,2_15E,15E,2022,226.49008,40.26042609,64.36661482,121.8630391,362.4823834,29.5168066,112.5046555,220.4609213,267.1781501,33.14088942,155.1142623,155.1142623
2,2_15E,15E,2023,417.5587673,45.71001717,48.514,323.3347501,226.49008,40.26042609,64.36661482,121.8630391,362.4823834,29.5168066,220.4609213,220.4609213
3,3_15E,15E,2011,273.3343394,9.406490605,49.022,214.9058487,NA,NA,NA,NA,NA,NA,NA,NA
3,3_15E,15E,2012,198.9727347,91.10605584,18.288,89.57867886,273.3343394,9.406490605,49.022,214.9058487,NA,NA,NA,NA
3,3_15E,15E,2013,270.2147925,74.86909958,26.416,168.9296929,198.9727347,91.10605584,18.288,89.57867886,273.3343394,9.406490605,214.9058487,214.9058487
3,3_15E,15E,2014,478.0395776,209.1762059,76.2,192.6633717,270.2147925,74.86909958,26.416,168.9296929,198.9727347,91.10605584,89.57867886,89.57867886
3,3_15E,15E,2015,410.3918059,73.1675078,60.198,277.026298,478.0395776,209.1762059,76.2,192.6633717,270.2147925,74.86909958,168.9296929,168.9296929
3,3_15E,15E,2016,248.5069944,63.42782374,71.374,113.7051707,410.3918059,73.1675078,60.198,277.026298,478.0395776,209.1762059,192.6633717,192.6633717
3,3_15E,15E,2017,279.4178908,37.49812703,55.88,186.0397637,248.5069944,63.42782374,71.374,113.7051707,410.3918059,73.1675078,277.026298,277.026298
3,3_15E,15E,2018,303.8049889,85.83222923,53.34,164.6327597,279.4178908,37.49812703,55.88,186.0397637,248.5069944,63.42782374,113.7051707,113.7051707
3,3_15E,15E,2019,362.4288999,14.79691776,87.69442521,259.9375569,303.8049889,85.83222923,53.34,164.6327597,279.4178908,37.49812703,186.0397637,186.0397637
3,3_15E,15E,2020,268.3145099,32.75971629,80.07964532,155.4751483,362.4288999,14.79691776,87.69442521,259.9375569,303.8049889,85.83222923,164.6327597,164.6327597
3,3_15E,15E,2021,360.8918639,31.30939805,112.3662956,217.2161702,268.3145099,32.75971629,80.07964532,155.4751483,362.4288999,14.79691776,259.9375569,259.9375569
3,3_15E,15E,2022,233.0432114,39.05268029,64.53498828,129.4555429,360.8918639,31.30939805,112.3662956,217.2161702,268.3145099,32.75971629,155.4751483,155.4751483
3,3_15E,15E,2023,421.4694639,47.46499941,48.514,325.4904645,233.0432114,39.05268029,64.53498828,129.4555429,360.8918639,31.30939805,217.2161702,217.2161702
4,4_15E,15E,2011,273.3343394,9.406490605,49.022,214.9058487,NA,NA,NA,NA,NA,NA,NA,NA
4,4_15E,15E,2012,198.9727347,91.10605584,18.288,89.57867886,273.3343394,9.406490605,49.022,214.9058487,NA,NA,NA,NA
4,4_15E,15E,2013,270.2147925,74.86909958,26.416,168.9296929,198.9727347,91.10605584,18.288,89.57867886,273.3343394,9.406490605,214.9058487,214.9058487
4,4_15E,15E,2014,478.0395776,209.1762059,76.2,192.6633717,270.2147925,74.86909958,26.416,168.9296929,198.9727347,91.10605584,89.57867886,89.57867886
4,4_15E,15E,2015,410.3918059,73.1675078,60.198,277.026298,478.0395776,209.1762059,76.2,192.6633717,270.2147925,74.86909958,168.9296929,168.9296929
4,4_15E,15E,2016,248.5069944,63.42782374,71.374,113.7051707,410.3918059,73.1675078,60.198,277.026298,478.0395776,209.1762059,192.6633717,192.6633717
4,4_15E,15E,2017,279.4178908,37.49812703,55.88,186.0397637,248.5069944,63.42782374,71.374,113.7051707,410.3918059,73.1675078,277.026298,277.026298
4,4_15E,15E,2018,303.8049889,85.83222923,53.34,164.6327597,279.4178908,37.49812703,55.88,186.0397637,248.5069944,63.42782374,113.7051707,113.7051707
4,4_15E,15E,2019,362.4288999,14.79691776,87.69442521,259.9375569,303.8049889,85.83222923,53.34,164.6327597,279.4178908,37.49812703,186.0397637,186.0397637
4,4_15E,15E,2020,268.3145099,32.75971629,80.07964532,155.4751483,362.4288999,14.79691776,87.69442521,259.9375569,303.8049889,85.83222923,164.6327597,164.6327597
4,4_15E,15E,2021,360.8918639,31.30939805,112.3662956,217.2161702,268.3145099,32.75971629,80.07964532,155.4751483,362.4288999,14.79691776,259.9375569,259.9375569
4,4_15E,15E,2022,233.0432114,39.05268029,64.53498828,129.4555429,360.8918639,31.30939805,112.3662956,217.2161702,268.3145099,32.75971629,155.4751483,155.4751483
4,4_15E,15E,2023,421.4694639,47.46499941,48.514,325.4904645,233.0432114,39.05268029,64.53498828,129.4555429,360.8918639,31.30939805,217.2161702,217.2161702
1,1_17N,17N,2011,275.7652397,6.473074309,49.022,220.2701654,NA,NA,NA,NA,NA,NA,NA,NA
1,1_17N,17N,2012,191.0665188,80.87923595,18.288,91.8992828,275.7652397,6.473074309,49.022,220.2701654,NA,NA,NA,NA
1,1_17N,17N,2013,268.7042626,69.97968387,26.416,172.3085787,191.0665188,80.87923595,18.288,91.8992828,275.7652397,6.473074309,220.2701654,220.2701654
1,1_17N,17N,2014,432.796756,180.7588151,76.2,175.8379408,268.7042626,69.97968387,26.416,172.3085787,191.0665188,80.87923595,91.8992828,91.8992828
1,1_17N,17N,2015,373.9747166,65.96599293,60.198,247.8107237,432.796756,180.7588151,76.2,175.8379408,268.7042626,69.97968387,172.3085787,172.3085787
1,1_17N,17N,2016,239.5008369,60.85436736,71.374,107.2724696,373.9747166,65.96599293,60.198,247.8107237,432.796756,180.7588151,175.8379408,175.8379408
1,1_17N,17N,2017,309.3884386,66.83313478,55.88,186.6753038,239.5008369,60.85436736,71.374,107.2724696,373.9747166,65.96599293,247.8107237,247.8107237
1,1_17N,17N,2018,314.9198953,79.10871446,53.34,182.4711809,309.3884386,66.83313478,55.88,186.6753038,239.5008369,60.85436736,107.2724696,107.2724696
1,1_17N,17N,2019,356.9375105,19.17422643,74.71950784,263.0437762,314.9198953,79.10871446,53.34,182.4711809,309.3884386,66.83313478,186.6753038,186.6753038
1,1_17N,17N,2020,294.5863749,40.23089781,79.65563326,174.6998438,356.9375105,19.17422643,74.71950784,263.0437762,314.9198953,79.10871446,182.4711809,182.4711809
1,1_17N,17N,2021,386.5982107,26.87422003,112.8139835,246.9100072,294.5863749,40.23089781,79.65563326,174.6998438,356.9375105,19.17422643,263.0437762,263.0437762
1,1_17N,17N,2022,283.2167874,35.5652277,65.53167526,182.1198844,386.5982107,26.87422003,112.8139835,246.9100072,294.5863749,40.23089781,174.6998438,174.6998438
1,1_17N,17N,2023,442.5528807,44.1536609,48.514,349.8852198,283.2167874,35.5652277,65.53167526,182.1198844,386.5982107,26.87422003,246.9100072,246.9100072
2,2_17N,17N,2011,281.4573754,6.089249572,49.022,226.3461258,NA,NA,NA,NA,NA,NA,NA,NA
2,2_17N,17N,2012,190.7915322,80.98136599,18.288,91.52216619,281.4573754,6.089249572,49.022,226.3461258,NA,NA,NA,NA
2,2_17N,17N,2013,269.1005276,70.48525594,26.416,172.1992716,190.7915322,80.98136599,18.288,91.52216619,281.4573754,6.089249572,226.3461258,226.3461258
2,2_17N,17N,2014,437.6566156,181.8422567,76.2,179.6143589,269.1005276,70.48525594,26.416,172.1992716,190.7915322,80.98136599,91.52216619,91.52216619
2,2_17N,17N,2015,374.9224489,68.4688496,60.198,246.2555993,437.6566156,181.8422567,76.2,179.6143589,269.1005276,70.48525594,172.1992716,172.1992716
2,2_17N,17N,2016,239.1506269,60.43869212,71.374,107.3379348,374.9224489,68.4688496,60.198,246.2555993,437.6566156,181.8422567,179.6143589,179.6143589
2,2_17N,17N,2017,311.9166424,65.35739481,55.88,190.6792476,239.1506269,60.43869212,71.374,107.3379348,374.9224489,68.4688496,246.2555993,246.2555993
2,2_17N,17N,2018,319.0824188,79.94435521,53.34,185.7980636,311.9166424,65.35739481,55.88,190.6792476,239.1506269,60.43869212,107.3379348,107.3379348
2,2_17N,17N,2019,351.2516067,20.074471,76.0650464,255.1120893,319.0824188,79.94435521,53.34,185.7980636,311.9166424,65.35739481,190.6792476,190.6792476
2,2_17N,17N,2020,287.5823539,37.42698578,80.00672202,170.1486461,351.2516067,20.074471,76.0650464,255.1120893,319.0824188,79.94435521,185.7980636,185.7980636
2,2_17N,17N,2021,384.0368845,24.73024238,112.8364909,246.4701512,287.5823539,37.42698578,80.00672202,170.1486461,351.2516067,20.074471,255.1120893,255.1120893
2,2_17N,17N,2022,284.3535208,35.88977761,65.93923225,182.524511,384.0368845,24.73024238,112.8364909,246.4701512,287.5823539,37.42698578,170.1486461,170.1486461
2,2_17N,17N,2023,445.7082704,45.69239959,48.514,351.5018708,284.3535208,35.88977761,65.93923225,182.524511,384.0368845,24.73024238,246.4701512,246.4701512
3,3_17N,17N,2011,286.8777425,5.907430186,49.022,231.9483123,NA,NA,NA,NA,NA,NA,NA,NA
3,3_17N,17N,2012,193.2802284,81.03566454,18.288,93.95656391,286.8777425,5.907430186,49.022,231.9483123,NA,NA,NA,NA
3,3_17N,17N,2013,270.9633271,71.93754509,26.416,172.609782,193.2802284,81.03566454,18.288,93.95656391,286.8777425,5.907430186,231.9483123,231.9483123
3,3_17N,17N,2014,438.6044428,182.2471509,76.2,180.157292,270.9633271,71.93754509,26.416,172.609782,193.2802284,81.03566454,93.95656391,93.95656391
3,3_17N,17N,2015,376.8821361,70.22514026,60.198,246.4589959,438.6044428,182.2471509,76.2,180.157292,270.9633271,71.93754509,172.609782,172.609782
3,3_17N,17N,2016,240.2078082,60.52899227,71.374,108.304816,376.8821361,70.22514026,60.198,246.4589959,438.6044428,182.2471509,180.157292,180.157292
3,3_17N,17N,2017,310.4970486,64.57592978,55.88,190.0411188,240.2078082,60.52899227,71.374,108.304816,376.8821361,70.22514026,246.4589959,246.4589959
3,3_17N,17N,2018,320.3767457,80.36371498,53.34,186.6730307,310.4970486,64.57592978,55.88,190.0411188,240.2078082,60.52899227,108.304816,108.304816
3,3_17N,17N,2019,350.4113856,20.38844218,76.62897951,253.3939639,320.3767457,80.36371498,53.34,186.6730307,310.4970486,64.57592978,190.0411188,190.0411188
3,3_17N,17N,2020,287.4263792,36.39615391,80.36032212,170.6699032,350.4113856,20.38844218,76.62897951,253.3939639,320.3767457,80.36371498,186.6730307,186.6730307
3,3_17N,17N,2021,392.7985726,24.82639456,112.8936338,255.0785443,287.4263792,36.39615391,80.36032212,170.6699032,350.4113856,20.38844218,253.3939639,253.3939639
3,3_17N,17N,2022,285.3050326,36.7232182,66.17049718,182.4113172,392.7985726,24.82639456,112.8936338,255.0785443,287.4263792,36.39615391,170.6699032,170.6699032
3,3_17N,17N,2023,451.1927706,45.61573927,48.514,357.0630313,285.3050326,36.7232182,66.17049718,182.4113172,392.7985726,24.82639456,255.0785443,255.0785443
4,4_17N,17N,2011,281.6432551,6.050598362,49.022,226.5706567,NA,NA,NA,NA,NA,NA,NA,NA
4,4_17N,17N,2012,194.5057215,81.41220072,18.288,94.80552077,281.6432551,6.050598362,49.022,226.5706567,NA,NA,NA,NA
4,4_17N,17N,2013,271.1540506,71.73030113,26.416,173.0077495,194.5057215,81.41220072,18.288,94.80552077,281.6432551,6.050598362,226.5706567,226.5706567
4,4_17N,17N,2014,434.2050514,180.7286451,76.2,177.2764063,271.1540506,71.73030113,26.416,173.0077495,194.5057215,81.41220072,94.80552077,94.80552077
4,4_17N,17N,2015,376.2082817,67.88482641,60.198,248.1254553,434.2050514,180.7286451,76.2,177.2764063,271.1540506,71.73030113,173.0077495,173.0077495
4,4_17N,17N,2016,240.3843135,60.8440251,71.374,108.1662884,376.2082817,67.88482641,60.198,248.1254553,434.2050514,180.7286451,177.2764063,177.2764063
4,4_17N,17N,2017,308.4003888,66.04966138,55.88,186.4707274,240.3843135,60.8440251,71.374,108.1662884,376.2082817,67.88482641,248.1254553,248.1254553
4,4_17N,17N,2018,316.4612383,79.82441163,53.34,183.2968267,308.4003888,66.04966138,55.88,186.4707274,240.3843135,60.8440251,108.1662884,108.1662884
4,4_17N,17N,2019,353.3799112,19.62821999,75.79168226,257.960009,316.4612383,79.82441163,53.34,183.2968267,308.4003888,66.04966138,186.4707274,186.4707274
4,4_17N,17N,2020,292.6942857,38.99963513,80.39915102,173.2954996,353.3799112,19.62821999,75.79168226,257.960009,316.4612383,79.82441163,183.2968267,183.2968267
4,4_17N,17N,2021,393.4741035,26.63329664,112.9531259,253.887681,292.6942857,38.99963513,80.39915102,173.2954996,353.3799112,19.62821999,257.960009,257.960009
4,4_17N,17N,2022,285.5597349,36.71251786,66.10305991,182.7441571,393.4741035,26.63329664,112.9531259,253.887681,292.6942857,38.99963513,173.2954996,173.2954996
4,4_17N,17N,2023,450.2401027,44.95886787,48.514,356.7672349,285.5597349,36.71251786,66.10305991,182.7441571,393.4741035,26.63329664,253.887681,253.887681
5,5_17N,17N,2011,291.4520188,5.333946939,49.022,237.0960718,NA,NA,NA,NA,NA,NA,NA,NA
5,5_17N,17N,2012,201.5628374,81.66962255,18.288,101.6052148,291.4520188,5.333946939,49.022,237.0960718,NA,NA,NA,NA
5,5_17N,17N,2013,274.1413183,74.33610981,26.416,173.3892085,201.5628374,81.66962255,18.288,101.6052148,291.4520188,5.333946939,237.0960718,237.0960718
5,5_17N,17N,2014,439.2243065,181.7382957,76.2,181.2860108,274.1413183,74.33610981,26.416,173.3892085,201.5628374,81.66962255,101.6052148,101.6052148
5,5_17N,17N,2015,380.5932342,72.49745146,60.198,247.8977827,439.2243065,181.7382957,76.2,181.2860108,274.1413183,74.33610981,173.3892085,173.3892085
5,5_17N,17N,2016,240.9832082,60.36709599,71.374,109.2421122,380.5932342,72.49745146,60.198,247.8977827,439.2243065,181.7382957,181.2860108,181.2860108
5,5_17N,17N,2017,313.6483653,68.45567425,55.88,189.3126911,240.9832082,60.36709599,71.374,109.2421122,380.5932342,72.49745146,247.8977827,247.8977827
5,5_17N,17N,2018,318.4828359,81.04021332,53.34,184.1026226,313.6483653,68.45567425,55.88,189.3126911,240.9832082,60.36709599,109.2421122,109.2421122
5,5_17N,17N,2019,349.2060368,20.11841827,77.54225912,251.5453594,318.4828359,81.04021332,53.34,184.1026226,313.6483653,68.45567425,189.3126911,189.3126911
5,5_17N,17N,2020,289.5896549,36.67776688,81.1920091,171.719879,349.2060368,20.11841827,77.54225912,251.5453594,318.4828359,81.04021332,184.1026226,184.1026226
5,5_17N,17N,2021,403.3695782,25.39846238,113.0470437,264.9240721,289.5896549,36.67776688,81.1920091,171.719879,349.2060368,20.11841827,251.5453594,251.5453594
5,5_17N,17N,2022,287.3095806,38.73836096,66.63423611,181.9369835,403.3695782,25.39846238,113.0470437,264.9240721,289.5896549,36.67776688,171.719879,171.719879
5,5_17N,17N,2023,459.546239,45.35358833,48.514,365.6786507,287.3095806,38.73836096,66.63423611,181.9369835,403.3695782,25.39846238,264.9240721,264.9240721
6,6_17N,17N,2011,292.0167549,5.304631226,49.022,237.6901237,NA,NA,NA,NA,NA,NA,NA,NA
6,6_17N,17N,2012,205.8576034,82.12685565,18.288,105.4427477,292.0167549,5.304631226,49.022,237.6901237,NA,NA,NA,NA
6,6_17N,17N,2013,275.3142438,75.23682088,26.416,173.661423,205.8576034,82.12685565,18.288,105.4427477,292.0167549,5.304631226,237.6901237,237.6901237
6,6_17N,17N,2014,438.4438284,180.5756964,76.2,181.668132,275.3142438,75.23682088,26.416,173.661423,205.8576034,82.12685565,105.4427477,105.4427477
6,6_17N,17N,2015,381.616367,72.70026613,60.198,248.7181009,438.4438284,180.5756964,76.2,181.668132,275.3142438,75.23682088,173.661423,173.661423
6,6_17N,17N,2016,240.8489372,60.31319982,71.374,109.1617374,381.616367,72.70026613,60.198,248.7181009,438.4438284,180.5756964,181.668132,181.668132
6,6_17N,17N,2017,316.3602907,71.24437381,55.88,189.2359168,240.8489372,60.31319982,71.374,109.1617374,381.616367,72.70026613,248.7181009,248.7181009
6,6_17N,17N,2018,316.5279098,81.13009928,53.34,182.0578105,316.3602907,71.24437381,55.88,189.2359168,240.8489372,60.31319982,109.1617374,109.1617374
6,6_17N,17N,2019,348.1293231,19.815566,77.96142389,250.3523332,316.5279098,81.13009928,53.34,182.0578105,316.3602907,71.24437381,189.2359168,189.2359168
6,6_17N,17N,2020,290.6349559,37.2042614,81.3897764,172.0409181,348.1293231,19.815566,77.96142389,250.3523332,316.5279098,81.13009928,182.0578105,182.0578105
6,6_17N,17N,2021,403.0912497,25.56478198,113.0820849,264.4443828,290.6349559,37.2042614,81.3897764,172.0409181,348.1293231,19.815566,250.3523332,250.3523332
6,6_17N,17N,2022,287.4654679,39.48950047,66.7340576,181.2419098,403.0912497,25.56478198,113.0820849,264.4443828,290.6349559,37.2042614,172.0409181,172.0409181
6,6_17N,17N,2023,462.2672854,45.39318971,48.514,368.3600957,287.4654679,39.48950047,66.7340576,181.2419098,403.0912497,25.56478198,264.4443828,264.4443828
1,1_17S,17S,2011,300.0340543,4.188070581,49.022,246.8239837,NA,NA,NA,NA,NA,NA,NA,NA
1,1_17S,17S,2012,195.9197299,80.93577612,18.288,96.69595382,300.0340543,4.188070581,49.022,246.8239837,NA,NA,NA,NA
1,1_17S,17S,2013,269.4582071,71.65343856,26.416,171.3887686,195.9197299,80.93577612,18.288,96.69595382,300.0340543,4.188070581,246.8239837,246.8239837
1,1_17S,17S,2014,455.5715016,187.7543582,76.2,191.6171434,269.4582071,71.65343856,26.416,171.3887686,195.9197299,80.93577612,96.69595382,96.69595382
1,1_17S,17S,2015,379.2400334,77.28686237,60.198,241.755171,455.5715016,187.7543582,76.2,191.6171434,269.4582071,71.65343856,171.3887686,171.3887686
1,1_17S,17S,2016,238.6528373,59.05419278,71.374,108.2246446,379.2400334,77.28686237,60.198,241.755171,455.5715016,187.7543582,191.6171434,191.6171434
1,1_17S,17S,2017,322.9945017,59.37307836,55.88,207.7414233,238.6528373,59.05419278,71.374,108.2246446,379.2400334,77.28686237,241.755171,241.755171
1,1_17S,17S,2018,329.0594534,83.05172539,53.34,192.6677281,322.9945017,59.37307836,55.88,207.7414233,238.6528373,59.05419278,108.2246446,108.2246446
1,1_17S,17S,2019,343.3226818,21.775899,78.08195643,243.4648263,329.0594534,83.05172539,53.34,192.6677281,322.9945017,59.37307836,207.7414233,207.7414233
1,1_17S,17S,2020,276.9746863,31.04703344,80.11507301,165.8125799,343.3226818,21.775899,78.08195643,243.4648263,329.0594534,83.05172539,192.6677281,192.6677281
1,1_17S,17S,2021,395.9248991,20.73554541,112.6026306,262.5867231,276.9746863,31.04703344,80.11507301,165.8125799,343.3226818,21.775899,243.4648263,243.4648263
1,1_17S,17S,2022,283.0372534,36.39663535,66.37694104,180.263677,395.9248991,20.73554541,112.6026306,262.5867231,276.9746863,31.04703344,165.8125799,165.8125799
1,1_17S,17S,2023,452.9727259,48.96814732,48.514,355.4905786,283.0372534,36.39663535,66.37694104,180.263677,395.9248991,20.73554541,262.5867231,262.5867231
2,2_17S,17S,2011,296.956049,4.530675331,49.022,243.4033737,NA,NA,NA,NA,NA,NA,NA,NA
2,2_17S,17S,2012,197.0419894,82.33141737,18.288,96.42257201,296.956049,4.530675331,49.022,243.4033737,NA,NA,NA,NA
2,2_17S,17S,2013,271.6388256,72.18398008,26.416,173.0388455,197.0419894,82.33141737,18.288,96.42257201,296.956049,4.530675331,243.4033737,243.4033737
2,2_17S,17S,2014,452.4155053,187.0788798,76.2,189.1366255,271.6388256,72.18398008,26.416,173.0388455,197.0419894,82.33141737,96.42257201,96.42257201
2,2_17S,17S,2015,380.1260727,76.93913332,60.198,242.9889394,452.4155053,187.0788798,76.2,189.1366255,271.6388256,72.18398008,173.0388455,173.0388455
2,2_17S,17S,2016,240.7588179,59.63970847,71.374,109.7451094,380.1260727,76.93913332,60.198,242.9889394,452.4155053,187.0788798,189.1366255,189.1366255
2,2_17S,17S,2017,326.0676631,62.49144038,55.88,207.6962227,240.7588179,59.63970847,71.374,109.7451094,380.1260727,76.93913332,242.9889394,242.9889394
2,2_17S,17S,2018,329.2149724,82.89412734,53.34,192.9808451,326.0676631,62.49144038,55.88,207.6962227,240.7588179,59.63970847,109.7451094,109.7451094
2,2_17S,17S,2019,341.6237888,21.73354902,76.580954,243.3092858,329.2149724,82.89412734,53.34,192.9808451,326.0676631,62.49144038,207.6962227,207.6962227
2,2_17S,17S,2020,278.2046515,29.74524982,79.16836146,169.2910402,341.6237888,21.73354902,76.580954,243.3092858,329.2149724,82.89412734,192.9808451,192.9808451
2,2_17S,17S,2021,384.0857408,20.38112264,112.3297697,251.3748485,278.2046515,29.74524982,79.16836146,169.2910402,341.6237888,21.73354902,243.3092858,243.3092858
2,2_17S,17S,2022,285.2817959,35.13994389,66.19116519,183.9506868,384.0857408,20.38112264,112.3297697,251.3748485,278.2046515,29.74524982,169.2910402,169.2910402
2,2_17S,17S,2023,453.6413899,49.77909297,48.514,355.3482969,285.2817959,35.13994389,66.19116519,183.9506868,384.0857408,20.38112264,251.3748485,251.3748485
3,3_17S,17S,2011,303.278229,4.81105239,49.022,249.4451766,NA,NA,NA,NA,NA,NA,NA,NA
3,3_17S,17S,2012,197.5499529,81.24997493,18.288,98.01197801,303.278229,4.81105239,49.022,249.4451766,NA,NA,NA,NA
3,3_17S,17S,2013,272.4055139,73.94857054,26.416,172.0409434,197.5499529,81.24997493,18.288,98.01197801,303.278229,4.81105239,249.4451766,249.4451766
3,3_17S,17S,2014,452.0456786,184.5578888,76.2,191.2877898,272.4055139,73.94857054,26.416,172.0409434,197.5499529,81.24997493,98.01197801,98.01197801
3,3_17S,17S,2015,380.734107,77.91221399,60.198,242.623893,452.0456786,184.5578888,76.2,191.2877898,272.4055139,73.94857054,172.0409434,172.0409434
3,3_17S,17S,2016,239.4027842,59.45126747,71.374,108.5775167,380.734107,77.91221399,60.198,242.623893,452.0456786,184.5578888,191.2877898,191.2877898
3,3_17S,17S,2017,319.4465419,60.94811476,55.88,202.6184272,239.4027842,59.45126747,71.374,108.5775167,380.734107,77.91221399,242.623893,242.623893
3,3_17S,17S,2018,326.6269324,82.71521648,53.34,190.5717159,319.4465419,60.94811476,55.88,202.6184272,239.4027842,59.45126747,108.5775167,108.5775167
3,3_17S,17S,2019,344.7664112,21.55052972,79.82390771,243.3919737,326.6269324,82.71521648,53.34,190.5717159,319.4465419,60.94811476,202.6184272,202.6184272
3,3_17S,17S,2020,279.542544,33.67786123,81.16044587,164.7042369,344.7664112,21.55052972,79.82390771,243.3919737,326.6269324,82.71521648,190.5717159,190.5717159
3,3_17S,17S,2021,416.8437167,22.19862196,112.8713355,281.7737592,279.542544,33.67786123,81.16044587,164.7042369,344.7664112,21.55052972,243.3919737,243.3919737
3,3_17S,17S,2022,282.4483365,38.51174493,66.57087566,177.3657159,416.8437167,22.19862196,112.8713355,281.7737592,279.542544,33.67786123,164.7042369,164.7042369
3,3_17S,17S,2023,457.5372296,46.58538687,48.514,362.4378428,282.4483365,38.51174493,66.57087566,177.3657159,416.8437167,22.19862196,281.7737592,281.7737592
4,4_17S,17S,2011,300.6350462,4.934811097,49.022,246.6782351,NA,NA,NA,NA,NA,NA,NA,NA
4,4_17S,17S,2012,198.271064,81.88268856,18.288,98.1003754,300.6350462,4.934811097,49.022,246.6782351,NA,NA,NA,NA
4,4_17S,17S,2013,273.3472745,74.09809583,26.416,172.8331786,198.271064,81.88268856,18.288,98.1003754,300.6350462,4.934811097,246.6782351,246.6782351
4,4_17S,17S,2014,449.373268,184.7925484,76.2,188.3807196,273.3472745,74.09809583,26.416,172.8331786,198.271064,81.88268856,98.1003754,98.1003754
4,4_17S,17S,2015,380.9948923,77.14857773,60.198,243.6483146,449.373268,184.7925484,76.2,188.3807196,273.3472745,74.09809583,172.8331786,172.8331786
4,4_17S,17S,2016,240.8019812,59.85693603,71.374,109.5710452,380.9948923,77.14857773,60.198,243.6483146,449.373268,184.7925484,188.3807196,188.3807196
4,4_17S,17S,2017,319.43185,62.77554047,55.88,200.7763096,240.8019812,59.85693603,71.374,109.5710452,380.9948923,77.14857773,243.6483146,243.6483146
4,4_17S,17S,2018,326.9583563,82.48452312,53.34,191.1338332,319.43185,62.77554047,55.88,200.7763096,240.8019812,59.85693603,109.5710452,109.5710452
4,4_17S,17S,2019,345.9959449,21.54419772,78.74063858,245.7111086,326.9583563,82.48452312,53.34,191.1338332,319.43185,62.77554047,200.7763096,200.7763096
4,4_17S,17S,2020,281.6297945,33.66874276,80.80824553,167.1528062,345.9959449,21.54419772,78.74063858,245.7111086,326.9583563,82.48452312,191.1338332,191.1338332
4,4_17S,17S,2021,409.7794864,22.52091636,112.8566822,274.4018878,281.6297945,33.66874276,80.80824553,167.1528062,345.9959449,21.54419772,245.7111086,245.7111086
4,4_17S,17S,2022,284.1279039,38.04351923,66.46888774,179.6154969,409.7794864,22.52091636,112.8566822,274.4018878,281.6297945,33.66874276,167.1528062,167.1528062
4,4_17S,17S,2023,457.2537442,46.57952701,48.514,362.1602172,284.1279039,38.04351923,66.46888774,179.6154969,409.7794864,22.52091636,274.4018878,274.4018878
5,5_17S,17S,2011,299.9566854,4.944213076,49.022,245.9904724,NA,NA,NA,NA,NA,NA,NA,NA
5,5_17S,17S,2012,199.8247684,81.37127638,18.288,100.165492,299.9566854,4.944213076,49.022,245.9904724,NA,NA,NA,NA
5,5_17S,17S,2013,272.6569621,74.37715374,26.416,171.8638084,199.8247684,81.37127638,18.288,100.165492,299.9566854,4.944213076,245.9904724,245.9904724
5,5_17S,17S,2014,446.7849134,183.4614355,76.2,187.1234778,272.6569621,74.37715374,26.416,171.8638084,199.8247684,81.37127638,100.165492,100.165492
5,5_17S,17S,2015,380.7636004,75.99888709,60.198,244.5667133,446.7849134,183.4614355,76.2,187.1234778,272.6569621,74.37715374,171.8638084,171.8638084
5,5_17S,17S,2016,239.9609744,59.89881738,71.374,108.688157,380.7636004,75.99888709,60.198,244.5667133,446.7849134,183.4614355,187.1234778,187.1234778
5,5_17S,17S,2017,315.2455837,64.53899947,55.88,194.8265842,239.9609744,59.89881738,71.374,108.688157,380.7636004,75.99888709,244.5667133,244.5667133
5,5_17S,17S,2018,322.061999,81.77600734,53.34,186.9459916,315.2455837,64.53899947,55.88,194.8265842,239.9609744,59.89881738,108.688157,108.688157
5,5_17S,17S,2019,345.4553519,20.82742102,79.38735749,245.2405733,322.061999,81.77600734,53.34,186.9459916,315.2455837,64.53899947,194.8265842,194.8265842
5,5_17S,17S,2020,283.2879905,34.81806008,81.22222406,167.2477064,345.4553519,20.82742102,79.38735749,245.2405733,322.061999,81.77600734,186.9459916,186.9459916
5,5_17S,17S,2021,418.6373521,23.47972964,112.9612992,282.1963232,283.2879905,34.81806008,81.22222406,167.2477064,345.4553519,20.82742102,245.2405733,245.2405733
5,5_17S,17S,2022,283.8061329,39.09165688,66.58057403,178.133902,418.6373521,23.47972964,112.9612992,282.1963232,283.2879905,34.81806008,167.2477064,167.2477064
5,5_17S,17S,2023,459.2273045,45.81801157,48.514,364.8952929,283.8061329,39.09165688,66.58057403,178.133902,418.6373521,23.47972964,282.1963232,282.1963232
6,6_17S,17S,2011,298.9866104,5.006774961,49.022,244.9578354,NA,NA,NA,NA,NA,NA,NA,NA
6,6_17S,17S,2012,203.0424695,81.20830134,18.288,103.5461682,298.9866104,5.006774961,49.022,244.9578354,NA,NA,NA,NA
6,6_17S,17S,2013,272.8165453,74.80174911,26.416,171.5987962,203.0424695,81.20830134,18.288,103.5461682,298.9866104,5.006774961,244.9578354,244.9578354
6,6_17S,17S,2014,444.6290177,182.1941833,76.2,186.2348344,272.8165453,74.80174911,26.416,171.5987962,203.0424695,81.20830134,103.5461682,103.5461682
6,6_17S,17S,2015,381.3894816,75.46974955,60.198,245.721732,444.6290177,182.1941833,76.2,186.2348344,272.8165453,74.80174911,171.5987962,171.5987962
6,6_17S,17S,2016,239.3546496,59.79424113,71.374,108.1864085,381.3894816,75.46974955,60.198,245.721732,444.6290177,182.1941833,186.2348344,186.2348344
6,6_17S,17S,2017,315.3439351,66.96283663,55.88,192.5010985,239.3546496,59.79424113,71.374,108.1864085,381.3894816,75.46974955,245.721732,245.721732
6,6_17S,17S,2018,317.7002362,81.25463918,53.34,183.105597,315.3439351,66.96283663,55.88,192.5010985,239.3546496,59.79424113,108.1864085,108.1864085
6,6_17S,17S,2019,344.5399672,20.18191416,79.86676056,244.4912925,317.7002362,81.25463918,53.34,183.105597,315.3439351,66.96283663,192.5010985,192.5010985
6,6_17S,17S,2020,284.6956163,35.52052101,81.46899575,167.7060995,344.5399672,20.18191416,79.86676056,244.4912925,317.7002362,81.25463918,183.105597,183.105597
6,6_17S,17S,2021,415.0483439,24.20477378,113.0157634,277.8278068,284.6956163,35.52052101,81.46899575,167.7060995,344.5399672,20.18191416,244.4912925,244.4912925
6,6_17S,17S,2022,283.7316908,39.92605951,66.66283995,177.1427914,415.0483439,24.20477378,113.0157634,277.8278068,284.6956163,35.52052101,167.7060995,167.7060995
6,6_17S,17S,2023,460.8963192,45.47976068,48.514,366.9025586,283.7316908,39.92605951,66.66283995,177.1427914,415.0483439,24.20477378,277.8278068,277.8278068
1,1_18S,18S,2011,271.2586065,3.595504689,49.022,218.6411018,NA,NA,NA,NA,NA,NA,NA,NA
1,1_18S,18S,2012,191.4687795,83.3389822,18.288,89.84179726,271.2586065,3.595504689,49.022,218.6411018,NA,NA,NA,NA
1,1_18S,18S,2013,258.5607634,69.766366,26.416,162.3783974,191.4687795,83.3389822,18.288,89.84179726,271.2586065,3.595504689,218.6411018,218.6411018
1,1_18S,18S,2014,461.4034211,189.1236622,76.2,196.0797589,258.5607634,69.766366,26.416,162.3783974,191.4687795,83.3389822,89.84179726,89.84179726
1,1_18S,18S,2015,380.6601198,77.05230081,60.198,243.409819,461.4034211,189.1236622,76.2,196.0797589,258.5607634,69.766366,162.3783974,162.3783974
1,1_18S,18S,2016,234.5230782,58.12412773,71.374,105.0249505,380.6601198,77.05230081,60.198,243.409819,461.4034211,189.1236622,196.0797589,196.0797589
1,1_18S,18S,2017,317.9923126,56.4242237,55.88,205.688089,234.5230782,58.12412773,71.374,105.0249505,380.6601198,77.05230081,243.409819,243.409819
1,1_18S,18S,2018,302.6909026,79.30410648,53.34,170.0467961,317.9923126,56.4242237,55.88,205.688089,234.5230782,58.12412773,105.0249505,105.0249505
1,1_18S,18S,2019,351.5013633,17.16600462,84.16425198,250.1711067,302.6909026,79.30410648,53.34,170.0467961,317.9923126,56.4242237,205.688089,205.688089
1,1_18S,18S,2020,283.8915201,32.02330417,84.82430795,167.043908,351.5013633,17.16600462,84.16425198,250.1711067,302.6909026,79.30410648,170.0467961,170.0467961
1,1_18S,18S,2021,372.4774704,26.64318984,113.5236325,232.3106481,283.8915201,32.02330417,84.82430795,167.043908,351.5013633,17.16600462,250.1711067,250.1711067
1,1_18S,18S,2022,266.0235893,42.06591013,67.80370381,156.1539754,372.4774704,26.64318984,113.5236325,232.3106481,283.8915201,32.02330417,167.043908,167.043908
1,1_18S,18S,2023,426.1595647,52.44925551,48.514,325.1963092,266.0235893,42.06591013,67.80370381,156.1539754,372.4774704,26.64318984,232.3106481,232.3106481
2,2_18S,18S,2011,269.8101206,3.69367346,49.022,217.0944472,NA,NA,NA,NA,NA,NA,NA,NA
2,2_18S,18S,2012,193.5126171,83.6917721,18.288,91.53284497,269.8101206,3.69367346,49.022,217.0944472,NA,NA,NA,NA
2,2_18S,18S,2013,260.1377704,69.99309608,26.416,163.7286743,193.5126171,83.6917721,18.288,91.53284497,269.8101206,3.69367346,217.0944472,217.0944472
2,2_18S,18S,2014,457.3775267,188.9604392,76.2,192.2170874,260.1377704,69.99309608,26.416,163.7286743,193.5126171,83.6917721,91.53284497,91.53284497
2,2_18S,18S,2015,380.0297742,76.45531947,60.198,243.3764548,457.3775267,188.9604392,76.2,192.2170874,260.1377704,69.99309608,163.7286743,163.7286743
2,2_18S,18S,2016,236.5215589,58.54310079,71.374,106.6044582,380.0297742,76.45531947,60.198,243.3764548,457.3775267,188.9604392,192.2170874,192.2170874
2,2_18S,18S,2017,323.3663642,58.59353909,55.88,208.8928251,236.5215589,58.54310079,71.374,106.6044582,380.0297742,76.45531947,243.3764548,243.3764548
2,2_18S,18S,2018,303.1833805,78.71813216,53.34,171.1252483,323.3663642,58.59353909,55.88,208.8928251,236.5215589,58.54310079,106.6044582,106.6044582
2,2_18S,18S,2019,345.7348396,17.2293621,82.56137608,245.9441014,303.1833805,78.71813216,53.34,171.1252483,323.3663642,58.59353909,208.8928251,208.8928251
2,2_18S,18S,2020,276.9686724,32.76524835,83.63555683,160.5678673,345.7348396,17.2293621,82.56137608,245.9441014,303.1833805,78.71813216,171.1252483,171.1252483
2,2_18S,18S,2021,369.0134622,25.81865913,113.7412928,229.4535103,276.9686724,32.76524835,83.63555683,160.5678673,345.7348396,17.2293621,245.9441014,245.9441014
2,2_18S,18S,2022,268.9433455,40.83114095,67.29694094,160.8152636,369.0134622,25.81865913,113.7412928,229.4535103,276.9686724,32.76524835,160.5678673,160.5678673
2,2_18S,18S,2023,422.5693186,50.73777605,48.514,323.3175426,268.9433455,40.83114095,67.29694094,160.8152636,369.0134622,25.81865913,229.4535103,229.4535103
3,3_18S,18S,2011,272.1244157,3.697583522,49.022,219.4048322,NA,NA,NA,NA,NA,NA,NA,NA
3,3_18S,18S,2012,192.7062261,83.10523805,18.288,91.31298806,272.1244157,3.697583522,49.022,219.4048322,NA,NA,NA,NA
3,3_18S,18S,2013,260.8198572,69.45148353,26.416,164.9523737,192.7062261,83.10523805,18.288,91.31298806,272.1244157,3.697583522,219.4048322,219.4048322
3,3_18S,18S,2014,457.1831447,188.9107325,76.2,192.0724123,260.8198572,69.45148353,26.416,164.9523737,192.7062261,83.10523805,91.31298806,91.31298806
3,3_18S,18S,2015,378.9087954,75.23293018,60.198,243.4778652,457.1831447,188.9107325,76.2,192.0724123,260.8198572,69.45148353,164.9523737,164.9523737
3,3_18S,18S,2016,236.3240319,58.63833276,71.374,106.3116991,378.9087954,75.23293018,60.198,243.4778652,457.1831447,188.9107325,192.0724123,192.0724123
3,3_18S,18S,2017,320.2912478,58.88580157,55.88,205.5254462,236.3240319,58.63833276,71.374,106.3116991,378.9087954,75.23293018,243.4778652,243.4778652
3,3_18S,18S,2018,305.0270696,79.30358866,53.34,172.3834809,320.2912478,58.88580157,55.88,205.5254462,236.3240319,58.63833276,106.3116991,106.3116991
3,3_18S,18S,2019,348.0049088,17.63085658,82.65864441,247.7154078,305.0270696,79.30358866,53.34,172.3834809,320.2912478,58.88580157,205.5254462,205.5254462
3,3_18S,18S,2020,279.8387115,32.63270313,83.83052798,163.3754804,348.0049088,17.63085658,82.65864441,247.7154078,305.0270696,79.30358866,172.3834809,172.3834809
3,3_18S,18S,2021,369.5280301,25.85156869,113.5891434,230.087318,279.8387115,32.63270313,83.83052798,163.3754804,348.0049088,17.63085658,247.7154078,247.7154078
3,3_18S,18S,2022,269.0323566,40.36968491,67.41339046,161.2492812,369.5280301,25.85156869,113.5891434,230.087318,279.8387115,32.63270313,163.3754804,163.3754804
3,3_18S,18S,2023,426.7176731,51.42373045,48.514,326.7799426,269.0323566,40.36968491,67.41339046,161.2492812,369.5280301,25.85156869,230.087318,230.087318
4,4_18S,18S,2011,273.6162016,3.637596705,49.022,220.9566049,NA,NA,NA,NA,NA,NA,NA,NA
4,4_18S,18S,2012,190.3666096,82.46369158,18.288,89.61491801,273.6162016,3.637596705,49.022,220.9566049,NA,NA,NA,NA
4,4_18S,18S,2013,258.5115492,69.24222163,26.416,162.8533275,190.3666096,82.46369158,18.288,89.61491801,273.6162016,3.637596705,220.9566049,220.9566049
4,4_18S,18S,2014,460.8937674,188.795289,76.2,195.8984783,258.5115492,69.24222163,26.416,162.8533275,190.3666096,82.46369158,89.61491801,89.61491801
4,4_18S,18S,2015,379.0837386,75.79102136,60.198,243.0947173,460.8937674,188.795289,76.2,195.8984783,258.5115492,69.24222163,162.8533275,162.8533275
4,4_18S,18S,2016,234.47274,58.24870392,71.374,104.850036,379.0837386,75.79102136,60.198,243.0947173,460.8937674,188.795289,195.8984783,195.8984783
4,4_18S,18S,2017,314.8910837,57.04462066,55.88,201.966463,234.47274,58.24870392,71.374,104.850036,379.0837386,75.79102136,243.0947173,243.0947173
4,4_18S,18S,2018,304.1446773,79.67397631,53.34,171.130701,314.8910837,57.04462066,55.88,201.966463,234.47274,58.24870392,104.850036,104.850036
4,4_18S,18S,2019,358.0733543,17.75406528,85.08376025,255.2355287,304.1446773,79.67397631,53.34,171.130701,314.8910837,57.04462066,201.966463,201.966463
4,4_18S,18S,2020,290.9149319,31.67204597,85.79266181,173.4502242,358.0733543,17.75406528,85.08376025,255.2355287,304.1446773,79.67397631,171.130701,171.130701
4,4_18S,18S,2021,374.6224349,26.8742978,113.3710175,234.3771196,290.9149319,31.67204597,85.79266181,173.4502242,358.0733543,17.75406528,255.2355287,255.2355287
4,4_18S,18S,2022,267.5695457,42.50884636,68.21530797,156.8453914,374.6224349,26.8742978,113.3710175,234.3771196,290.9149319,31.67204597,173.4502242,173.4502242
4,4_18S,18S,2023,431.1050326,54.05235931,48.514,328.5386733,267.5695457,42.50884636,68.21530797,156.8453914,374.6224349,26.8742978,234.3771196,234.3771196
5,5_18S,18S,2011,283.1636903,3.899786865,49.022,230.2419034,NA,NA,NA,NA,NA,NA,NA,NA
5,5_18S,18S,2012,192.798129,81.72293171,18.288,92.78719726,283.1636903,3.899786865,49.022,230.2419034,NA,NA,NA,NA
5,5_18S,18S,2013,263.2104562,69.11390678,26.416,167.6805494,192.798129,81.72293171,18.288,92.78719726,283.1636903,3.899786865,230.2419034,230.2419034
5,5_18S,18S,2014,454.4288895,188.9902308,76.2,189.2386588,263.2104562,69.11390678,26.416,167.6805494,192.798129,81.72293171,92.78719726,92.78719726
5,5_18S,18S,2015,375.5586214,72.66056644,60.198,242.700055,454.4288895,188.9902308,76.2,189.2386588,263.2104562,69.11390678,167.6805494,167.6805494
5,5_18S,18S,2016,236.7813754,58.99063868,71.374,106.4167367,375.5586214,72.66056644,60.198,242.700055,454.4288895,188.9902308,189.2386588,189.2386588
5,5_18S,18S,2017,315.0339014,59.21333277,55.88,199.9405687,236.7813754,58.99063868,71.374,106.4167367,375.5586214,72.66056644,242.700055,242.700055
5,5_18S,18S,2018,315.9989449,80.77901815,53.34,181.8799268,315.0339014,59.21333277,55.88,199.9405687,236.7813754,58.99063868,106.4167367,106.4167367
5,5_18S,18S,2019,342.6174219,19.4232567,78.73550859,244.4586567,315.9989449,80.77901815,53.34,181.8799268,315.0339014,59.21333277,199.9405687,199.9405687
5,5_18S,18S,2020,276.1067337,31.86775672,80.82942596,163.409551,342.6174219,19.4232567,78.73550859,244.4586567,315.9989449,80.77901815,181.8799268,181.8799268
5,5_18S,18S,2021,374.022917,22.60550914,112.9090167,238.5083911,276.1067337,31.86775672,80.82942596,163.409551,342.6174219,19.4232567,244.4586567,244.4586567
5,5_18S,18S,2022,278.8450617,36.44607767,66.5264153,175.8725687,374.022917,22.60550914,112.9090167,238.5083911,276.1067337,31.86775672,163.409551,163.409551
5,5_18S,18S,2023,442.0617612,49.8428762,48.514,343.704885,278.8450617,36.44607767,66.5264153,175.8725687,374.022917,22.60550914,238.5083911,238.5083911
6,6_18S,18S,2011,285.4391668,3.752827247,49.022,232.6643396,NA,NA,NA,NA,NA,NA,NA,NA
6,6_18S,18S,2012,192.0804955,80.79919792,18.288,92.99329754,285.4391668,3.752827247,49.022,232.6643396,NA,NA,NA,NA
6,6_18S,18S,2013,259.756907,68.50421724,26.416,164.8366898,192.0804955,80.79919792,18.288,92.99329754,285.4391668,3.752827247,232.6643396,232.6643396
6,6_18S,18S,2014,458.8980038,190.5147156,76.2,192.1832882,259.756907,68.50421724,26.416,164.8366898,192.0804955,80.79919792,92.99329754,92.99329754
6,6_18S,18S,2015,374.616148,72.833275,60.198,241.584873,458.8980038,190.5147156,76.2,192.1832882,259.756907,68.50421724,164.8366898,164.8366898
6,6_18S,18S,2016,234.5506988,58.53131206,71.374,104.6453868,374.616148,72.833275,60.198,241.584873,458.8980038,190.5147156,192.1832882,192.1832882
6,6_18S,18S,2017,309.9008217,56.69379163,55.88,197.32703,234.5506988,58.53131206,71.374,104.6453868,374.616148,72.833275,241.584873,241.584873
6,6_18S,18S,2018,313.9091202,80.71002308,53.34,179.8590971,309.9008217,56.69379163,55.88,197.32703,234.5506988,58.53131206,104.6453868,104.6453868
6,6_18S,18S,2019,342.7253223,18.99114828,80.13180375,243.6023702,313.9091202,80.71002308,53.34,179.8590971,309.9008217,56.69379163,197.32703,197.32703
6,6_18S,18S,2020,275.7888164,32.17164106,81.56597165,162.0512037,342.7253223,18.99114828,80.13180375,243.6023702,313.9091202,80.71002308,179.8590971,179.8590971
6,6_18S,18S,2021,383.5223428,22.84378689,113.028577,247.6499789,275.7888164,32.17164106,81.56597165,162.0512037,342.7253223,18.99114828,243.6023702,243.6023702
6,6_18S,18S,2022,275.4847841,37.29941822,66.74140679,171.4439591,383.5223428,22.84378689,113.028577,247.6499789,275.7888164,32.17164106,162.0512037,162.0512037
6,6_18S,18S,2023,443.3904479,49.95152248,48.514,344.9249254,275.4847841,37.29941822,66.74140679,171.4439591,383.5223428,22.84378689,247.6499789,247.6499789
1,1_19N,19N,2011,269.8984492,4.447355526,49.022,216.4290936,NA,NA,NA,NA,NA,NA,NA,NA
1,1_19N,19N,2012,194.0564813,83.65842992,18.288,92.1100514,269.8984492,4.447355526,49.022,216.4290936,NA,NA,NA,NA
1,1_19N,19N,2013,254.0068561,70.04665715,26.416,157.544199,194.0564813,83.65842992,18.288,92.1100514,269.8984492,4.447355526,216.4290936,216.4290936
1,1_19N,19N,2014,469.3197081,187.6676003,76.2,205.4521078,254.0068561,70.04665715,26.416,157.544199,194.0564813,83.65842992,92.1100514,92.1100514
1,1_19N,19N,2015,384.5352713,78.3357833,60.198,246.001488,469.3197081,187.6676003,76.2,205.4521078,254.0068561,70.04665715,157.544199,157.544199
1,1_19N,19N,2016,230.8188492,57.06072982,71.374,102.3841194,384.5352713,78.3357833,60.198,246.001488,469.3197081,187.6676003,205.4521078,205.4521078
1,1_19N,19N,2017,309.8618602,55.38789173,55.88,198.5939685,230.8188492,57.06072982,71.374,102.3841194,384.5352713,78.3357833,246.001488,246.001488
1,1_19N,19N,2018,300.9760887,80.44356543,53.34,167.1925233,309.8618602,55.38789173,55.88,198.5939685,230.8188492,57.06072982,102.3841194,102.3841194
1,1_19N,19N,2019,332.5462085,15.12780654,82.18713412,235.2312678,300.9760887,80.44356543,53.34,167.1925233,309.8618602,55.38789173,198.5939685,198.5939685
1,1_19N,19N,2020,266.5541894,30.33874241,82.83217151,153.3832755,332.5462085,15.12780654,82.18713412,235.2312678,300.9760887,80.44356543,167.1925233,167.1925233
1,1_19N,19N,2021,376.9663665,25.83339522,113.8786486,237.2543226,266.5541894,30.33874241,82.83217151,153.3832755,332.5462085,15.12780654,235.2312678,235.2312678
1,1_19N,19N,2022,249.4979194,40.25824465,66.89496825,142.3447065,376.9663665,25.83339522,113.8786486,237.2543226,266.5541894,30.33874241,153.3832755,153.3832755
1,1_19N,19N,2023,419.4312884,47.70240346,48.514,323.2148849,249.4979194,40.25824465,66.89496825,142.3447065,376.9663665,25.83339522,237.2543226,237.2543226
2,2_19N,19N,2011,273.2702398,4.393371025,49.022,219.8548687,NA,NA,NA,NA,NA,NA,NA,NA
2,2_19N,19N,2012,193.5174835,82.08942077,18.288,93.14006272,273.2702398,4.393371025,49.022,219.8548687,NA,NA,NA,NA
2,2_19N,19N,2013,245.8198062,69.80555363,26.416,149.5982525,193.5174835,82.08942077,18.288,93.14006272,273.2702398,4.393371025,219.8548687,219.8548687
2,2_19N,19N,2014,467.0483366,180.7211284,76.2,210.1272082,245.8198062,69.80555363,26.416,149.5982525,193.5174835,82.08942077,93.14006272,93.14006272
2,2_19N,19N,2015,384.0686032,78.3840858,60.198,245.4865174,467.0483366,180.7211284,76.2,210.1272082,245.8198062,69.80555363,149.5982525,149.5982525
2,2_19N,19N,2016,227.7000492,56.52114064,71.374,99.80490854,384.0686032,78.3840858,60.198,245.4865174,467.0483366,180.7211284,210.1272082,210.1272082
2,2_19N,19N,2017,290.5465011,53.71854122,55.88,180.9479599,227.7000492,56.52114064,71.374,99.80490854,384.0686032,78.3840858,245.4865174,245.4865174
2,2_19N,19N,2018,300.4503554,80.13925387,53.34,166.9711016,290.5465011,53.71854122,55.88,180.9479599,227.7000492,56.52114064,99.80490854,99.80490854
2,2_19N,19N,2019,309.0377931,13.22198801,77.24990894,218.5658962,300.4503554,80.13925387,53.34,166.9711016,290.5465011,53.71854122,180.9479599,180.9479599
2,2_19N,19N,2020,256.5529189,27.4778997,80.75117179,148.3238474,309.0377931,13.22198801,77.24990894,218.5658962,300.4503554,80.13925387,166.9711016,166.9711016
2,2_19N,19N,2021,368.0535944,24.97255701,114.2827058,228.7983317,256.5529189,27.4778997,80.75117179,148.3238474,309.0377931,13.22198801,218.5658962,218.5658962
2,2_19N,19N,2022,221.434324,35.46853511,65.99459785,119.971191,368.0535944,24.97255701,114.2827058,228.7983317,256.5529189,27.4778997,148.3238474,148.3238474
2,2_19N,19N,2023,413.4559323,42.51298668,48.514,322.4289457,221.434324,35.46853511,65.99459785,119.971191,368.0535944,24.97255701,228.7983317,228.7983317
3,3_19N,19N,2011,276.7380213,3.757608441,49.022,223.9584129,NA,NA,NA,NA,NA,NA,NA,NA
3,3_19N,19N,2012,190.0598168,81.8893636,18.288,89.88245324,276.7380213,3.757608441,49.022,223.9584129,NA,NA,NA,NA
3,3_19N,19N,2013,251.2252192,69.3845519,26.416,155.4246673,190.0598168,81.8893636,18.288,89.88245324,276.7380213,3.757608441,223.9584129,223.9584129
3,3_19N,19N,2014,466.7001053,185.1646825,76.2,205.3354228,251.2252192,69.3845519,26.416,155.4246673,190.0598168,81.8893636,89.88245324,89.88245324
3,3_19N,19N,2015,380.9511131,76.51453125,60.198,244.2385819,466.7001053,185.1646825,76.2,205.3354228,251.2252192,69.3845519,155.4246673,155.4246673
3,3_19N,19N,2016,230.1802206,57.16775734,71.374,101.6384632,380.9511131,76.51453125,60.198,244.2385819,466.7001053,185.1646825,205.3354228,205.3354228
3,3_19N,19N,2017,297.2005696,53.51362808,55.88,187.8069415,230.1802206,57.16775734,71.374,101.6384632,380.9511131,76.51453125,244.2385819,244.2385819
3,3_19N,19N,2018,301.8464503,80.06959627,53.34,168.4368541,297.2005696,53.51362808,55.88,187.8069415,230.1802206,57.16775734,101.6384632,101.6384632
3,3_19N,19N,2019,336.3750949,15.37259491,83.025677,237.976823,301.8464503,80.06959627,53.34,168.4368541,297.2005696,53.51362808,187.8069415,187.8069415
3,3_19N,19N,2020,272.0773294,29.75470278,83.87636897,158.4462577,336.3750949,15.37259491,83.025677,237.976823,301.8464503,80.06959627,168.4368541,168.4368541
3,3_19N,19N,2021,385.4240372,26.09692507,113.7720983,245.5550139,272.0773294,29.75470278,83.87636897,158.4462577,336.3750949,15.37259491,237.976823,237.976823
3,3_19N,19N,2022,249.8647327,39.93204961,67.27612644,142.6565566,385.4240372,26.09692507,113.7720983,245.5550139,272.0773294,29.75470278,158.4462577,158.4462577
3,3_19N,19N,2023,425.7591074,49.2296144,48.514,328.015493,249.8647327,39.93204961,67.27612644,142.6565566,385.4240372,26.09692507,245.5550139,245.5550139
4,4_19N,19N,2011,275.6096561,4.342413391,49.022,222.2452428,NA,NA,NA,NA,NA,NA,NA,NA
4,4_19N,19N,2012,191.1450501,80.0933597,18.288,92.76369043,275.6096561,4.342413391,49.022,222.2452428,NA,NA,NA,NA
4,4_19N,19N,2013,248.3021787,69.93470349,26.416,151.9514752,191.1450501,80.0933597,18.288,92.76369043,275.6096561,4.342413391,222.2452428,222.2452428
4,4_19N,19N,2014,471.8892927,181.9895391,76.2,213.6997535,248.3021787,69.93470349,26.416,151.9514752,191.1450501,80.0933597,92.76369043,92.76369043
4,4_19N,19N,2015,383.1611353,76.79612351,60.198,246.1670118,471.8892927,181.9895391,76.2,213.6997535,248.3021787,69.93470349,151.9514752,151.9514752
4,4_19N,19N,2016,227.2807652,56.20003487,71.374,99.70673038,383.1611353,76.79612351,60.198,246.1670118,471.8892927,181.9895391,213.6997535,213.6997535
4,4_19N,19N,2017,287.2023334,51.48185305,55.88,179.8404803,227.2807652,56.20003487,71.374,99.70673038,383.1611353,76.79612351,246.1670118,246.1670118
4,4_19N,19N,2018,299.8396657,79.61069248,53.34,166.8889732,287.2023334,51.48185305,55.88,179.8404803,227.2807652,56.20003487,99.70673038,99.70673038
4,4_19N,19N,2019,345.5039374,15.17870026,88.56994559,241.7552916,299.8396657,79.61069248,53.34,166.8889732,287.2023334,51.48185305,179.8404803,179.8404803
4,4_19N,19N,2020,265.5061683,29.4550494,86.84076293,149.210356,345.5039374,15.17870026,88.56994559,241.7552916,299.8396657,79.61069248,166.8889732,166.8889732
4,4_19N,19N,2021,407.171877,24.91313013,114.0378856,268.2208612,265.5061683,29.4550494,86.84076293,149.210356,345.5039374,15.17870026,241.7552916,241.7552916
4,4_19N,19N,2022,256.0749643,44.77656057,67.75315784,143.5452459,407.171877,24.91313013,114.0378856,268.2208612,265.5061683,29.4550494,149.210356,149.210356
4,4_19N,19N,2023,417.3288588,47.99996475,48.514,320.814894,256.0749643,44.77656057,67.75315784,143.5452459,407.171877,24.91313013,268.2208612,268.2208612
5,5_19N,19N,2011,286.8003881,3.237588346,49.022,234.5407998,NA,NA,NA,NA,NA,NA,NA,NA
5,5_19N,19N,2012,189.7147278,79.37181242,18.288,92.05491538,286.8003881,3.237588346,49.022,234.5407998,NA,NA,NA,NA
5,5_19N,19N,2013,255.617079,68.14694837,26.416,161.0541306,189.7147278,79.37181242,18.288,92.05491538,286.8003881,3.237588346,234.5407998,234.5407998
5,5_19N,19N,2014,466.7163652,190.8836791,76.2,199.6326861,255.617079,68.14694837,26.416,161.0541306,189.7147278,79.37181242,92.05491538,92.05491538
5,5_19N,19N,2015,374.6182447,72.2083469,60.198,242.2118978,466.7163652,190.8836791,76.2,199.6326861,255.617079,68.14694837,161.0541306,161.0541306
5,5_19N,19N,2016,230.8049169,57.60052936,71.374,101.8303875,374.6182447,72.2083469,60.198,242.2118978,466.7163652,190.8836791,199.6326861,199.6326861
5,5_19N,19N,2017,298.0465488,51.91973856,55.88,190.2468102,230.8049169,57.60052936,71.374,101.8303875,374.6182447,72.2083469,242.2118978,242.2118978
5,5_19N,19N,2018,303.9608895,80.11416176,53.34,170.5067277,298.0465488,51.91973856,55.88,190.2468102,230.8049169,57.60052936,101.8303875,101.8303875
5,5_19N,19N,2019,339.2656598,16.38174764,83.12719508,239.756717,303.9608895,80.11416176,53.34,170.5067277,298.0465488,51.91973856,190.2468102,190.2468102
5,5_19N,19N,2020,271.8607689,32.9939452,83.01575218,155.8510715,339.2656598,16.38174764,83.12719508,239.756717,303.9608895,80.11416176,170.5067277,170.5067277
5,5_19N,19N,2021,400.6711291,23.94595807,113.2557049,263.4694661,271.8607689,32.9939452,83.01575218,155.8510715,339.2656598,16.38174764,239.756717,239.756717
5,5_19N,19N,2022,265.9053292,39.16270923,67.09100108,159.6516189,400.6711291,23.94595807,113.2557049,263.4694661,271.8607689,32.9939452,155.8510715,155.8510715
5,5_19N,19N,2023,442.9059979,48.4276885,48.514,345.9643094,265.9053292,39.16270923,67.09100108,159.6516189,400.6711291,23.94595807,263.4694661,263.4694661
6,6_19N,19N,2011,287.4418774,3.339664533,49.022,235.0802128,NA,NA,NA,NA,NA,NA,NA,NA
6,6_19N,19N,2012,191.081973,78.84591738,18.288,93.94805561,287.4418774,3.339664533,49.022,235.0802128,NA,NA,NA,NA
6,6_19N,19N,2013,255.6963885,70.37191442,26.416,158.9084741,191.081973,78.84591738,18.288,93.94805561,287.4418774,3.339664533,235.0802128,235.0802128
6,6_19N,19N,2014,474.5687931,188.0979534,76.2,210.2708397,255.6963885,70.37191442,26.416,158.9084741,191.081973,78.84591738,93.94805561,93.94805561
6,6_19N,19N,2015,375.9936313,71.8908069,60.198,243.9048244,474.5687931,188.0979534,76.2,210.2708397,255.6963885,70.37191442,158.9084741,158.9084741
6,6_19N,19N,2016,229.9972301,56.8553993,71.374,101.7678308,375.9936313,71.8908069,60.198,243.9048244,474.5687931,188.0979534,210.2708397,210.2708397
6,6_19N,19N,2017,295.5246693,52.1206647,55.88,187.5240046,229.9972301,56.8553993,71.374,101.7678308,375.9936313,71.8908069,243.9048244,243.9048244
6,6_19N,19N,2018,299.3594285,78.86073776,53.34,167.1586907,295.5246693,52.1206647,55.88,187.5240046,229.9972301,56.8553993,101.7678308,101.7678308
6,6_19N,19N,2019,334.1339834,15.18098462,85.13350174,233.819497,299.3594285,78.86073776,53.34,167.1586907,295.5246693,52.1206647,187.5240046,187.5240046
6,6_19N,19N,2020,264.9240269,33.22991005,83.72327253,147.9708443,334.1339834,15.18098462,85.13350174,233.819497,299.3594285,78.86073776,167.1586907,167.1586907
6,6_19N,19N,2021,422.3373522,24.35450321,113.0794223,284.9034267,264.9240269,33.22991005,83.72327253,147.9708443,334.1339834,15.18098462,233.819497,233.819497
6,6_19N,19N,2022,261.8898553,40.77463988,67.26114463,153.8540708,422.3373522,24.35450321,113.0794223,284.9034267,264.9240269,33.22991005,147.9708443,147.9708443
6,6_19N,19N,2023,443.0896688,46.20222016,48.514,348.3734486,261.8898553,40.77463988,67.26114463,153.8540708,422.3373522,24.35450321,284.9034267,284.9034267
1,1_20NW,20NW,2011,290.2579831,5.907894482,49.022,235.3280886,NA,NA,NA,NA,NA,NA,NA,NA
1,1_20NW,20NW,2012,201.786897,77.04864933,18.288,106.4502477,290.2579831,5.907894482,49.022,235.3280886,NA,NA,NA,NA
1,1_20NW,20NW,2013,262.3807384,74.74237447,26.416,161.222364,201.786897,77.04864933,18.288,106.4502477,290.2579831,5.907894482,235.3280886,235.3280886
1,1_20NW,20NW,2014,465.4570887,181.0534969,76.2,208.2035917,262.3807384,74.74237447,26.416,161.222364,201.786897,77.04864933,106.4502477,106.4502477
1,1_20NW,20NW,2015,365.8807146,69.87328372,60.198,235.8094309,465.4570887,181.0534969,76.2,208.2035917,262.3807384,74.74237447,161.222364,161.222364
1,1_20NW,20NW,2016,226.994837,56.11913228,71.374,99.50170467,365.8807146,69.87328372,60.198,235.8094309,465.4570887,181.0534969,208.2035917,208.2035917
1,1_20NW,20NW,2017,292.9532945,51.7736652,55.88,185.2996293,226.994837,56.11913228,71.374,99.50170467,365.8807146,69.87328372,235.8094309,235.8094309
1,1_20NW,20NW,2018,277.5682861,77.3544952,53.34,146.8737909,292.9532945,51.7736652,55.88,185.2996293,226.994837,56.11913228,99.50170467,99.50170467
1,1_20NW,20NW,2019,325.4797934,19.04160702,84.29835886,222.1398275,277.5682861,77.3544952,53.34,146.8737909,292.9532945,51.7736652,185.2996293,185.2996293
1,1_20NW,20NW,2020,250.5483611,33.25839102,84.33762431,132.9523458,325.4797934,19.04160702,84.29835886,222.1398275,277.5682861,77.3544952,146.8737909,146.8737909
1,1_20NW,20NW,2021,450.9000641,22.63840518,111.5200039,316.741655,250.5483611,33.25839102,84.33762431,132.9523458,325.4797934,19.04160702,222.1398275,222.1398275
1,1_20NW,20NW,2022,270.1662726,41.7897257,67.49665782,160.8798891,450.9000641,22.63840518,111.5200039,316.741655,250.5483611,33.25839102,132.9523458,132.9523458
1,1_20NW,20NW,2023,461.0621261,42.93386089,48.514,369.6142652,270.1662726,41.7897257,67.49665782,160.8798891,450.9000641,22.63840518,316.741655,316.741655
2,2_20NW,20NW,2011,293.6051282,5.321818927,49.022,239.2613092,NA,NA,NA,NA,NA,NA,NA,NA
2,2_20NW,20NW,2012,201.3118431,77.50994361,18.288,105.5138995,293.6051282,5.321818927,49.022,239.2613092,NA,NA,NA,NA
2,2_20NW,20NW,2013,262.9353809,73.76008987,26.416,162.7592911,201.3118431,77.50994361,18.288,105.5138995,293.6051282,5.321818927,239.2613092,239.2613092
2,2_20NW,20NW,2014,461.6570072,181.4499406,76.2,204.0070666,262.9353809,73.76008987,26.416,162.7592911,201.3118431,77.50994361,105.5138995,105.5138995
2,2_20NW,20NW,2015,370.8090989,71.28914186,60.198,239.3219571,461.6570072,181.4499406,76.2,204.0070666,262.9353809,73.76008987,162.7592911,162.7592911
2,2_20NW,20NW,2016,228.8378651,56.67276856,71.374,100.7910966,370.8090989,71.28914186,60.198,239.3219571,461.6570072,181.4499406,204.0070666,204.0070666
2,2_20NW,20NW,2017,296.0041616,53.72770586,55.88,186.3964558,228.8378651,56.67276856,71.374,100.7910966,370.8090989,71.28914186,239.3219571,239.3219571
2,2_20NW,20NW,2018,284.6700533,78.42335291,53.34,152.9067003,296.0041616,53.72770586,55.88,186.3964558,228.8378651,56.67276856,100.7910966,100.7910966
2,2_20NW,20NW,2019,333.7561266,18.55838161,87.36666253,227.8310824,284.6700533,78.42335291,53.34,152.9067003,296.0041616,53.72770586,186.3964558,186.3964558
2,2_20NW,20NW,2020,260.2213674,33.47676696,84.47320053,142.2713999,333.7561266,18.55838161,87.36666253,227.8310824,284.6700533,78.42335291,152.9067003,152.9067003
2,2_20NW,20NW,2021,458.9254652,23.77431536,112.1815993,322.9695506,260.2213674,33.47676696,84.47320053,142.2713999,333.7561266,18.55838161,227.8310824,227.8310824
2,2_20NW,20NW,2022,273.7545773,41.18957738,67.57039394,164.994606,458.9254652,23.77431536,112.1815993,322.9695506,260.2213674,33.47676696,142.2713999,142.2713999
2,2_20NW,20NW,2023,460.8799223,45.37397335,48.514,366.991949,273.7545773,41.18957738,67.57039394,164.994606,458.9254652,23.77431536,322.9695506,322.9695506
3,3_20NW,20NW,2011,294.51147,3.9470424,49.022,241.5424276,NA,NA,NA,NA,NA,NA,NA,NA
3,3_20NW,20NW,2012,194.0169371,78.05567922,18.288,97.6732579,294.51147,3.9470424,49.022,241.5424276,NA,NA,NA,NA
3,3_20NW,20NW,2013,259.7658454,70.55327095,26.416,162.7965745,194.0169371,78.05567922,18.288,97.6732579,294.51147,3.9470424,241.5424276,241.5424276
3,3_20NW,20NW,2014,462.6797972,186.8159559,76.2,199.6638413,259.7658454,70.55327095,26.416,162.7965745,194.0169371,78.05567922,97.6732579,97.6732579
3,3_20NW,20NW,2015,373.8825484,72.48230108,60.198,241.2022473,462.6797972,186.8159559,76.2,199.6638413,259.7658454,70.55327095,162.7965745,162.7965745
3,3_20NW,20NW,2016,230.9601248,57.71460854,71.374,101.8715162,373.8825484,72.48230108,60.198,241.2022473,462.6797972,186.8159559,199.6638413,199.6638413
3,3_20NW,20NW,2017,301.3790064,53.34970878,55.88,192.1492976,230.9601248,57.71460854,71.374,101.8715162,373.8825484,72.48230108,241.2022473,241.2022473
3,3_20NW,20NW,2018,300.99262,79.9763423,53.34,167.6762777,301.3790064,53.34970878,55.88,192.1492976,230.9601248,57.71460854,101.8715162,101.8715162
3,3_20NW,20NW,2019,337.2193243,17.92254931,84.30426079,234.9925142,300.99262,79.9763423,53.34,167.6762777,301.3790064,53.34970878,192.1492976,192.1492976
3,3_20NW,20NW,2020,267.5607954,33.49563104,83.12146443,150.9436999,337.2193243,17.92254931,84.30426079,234.9925142,300.99262,79.9763423,167.6762777,167.6762777
3,3_20NW,20NW,2021,426.9214939,23.12930952,112.8235106,290.9686738,267.5607954,33.49563104,83.12146443,150.9436999,337.2193243,17.92254931,234.9925142,234.9925142
3,3_20NW,20NW,2022,271.024773,39.68613116,67.1358337,164.2028081,426.9214939,23.12930952,112.8235106,290.9686738,267.5607954,33.49563104,150.9436999,150.9436999
3,3_20NW,20NW,2023,453.9566374,46.28916274,48.514,359.1534747,271.024773,39.68613116,67.1358337,164.2028081,426.9214939,23.12930952,290.9686738,290.9686738
4,4_20NW,20NW,2011,295.1397991,3.707037828,49.022,242.4107612,NA,NA,NA,NA,NA,NA,NA,NA
4,4_20NW,20NW,2012,193.1437722,78.1041564,18.288,96.75161577,295.1397991,3.707037828,49.022,242.4107612,NA,NA,NA,NA
4,4_20NW,20NW,2013,258.8366005,69.72499363,26.416,162.6956068,193.1437722,78.1041564,18.288,96.75161577,295.1397991,3.707037828,242.4107612,242.4107612
4,4_20NW,20NW,2014,460.5691487,189.0096716,76.2,195.3594771,258.8366005,69.72499363,26.416,162.6956068,193.1437722,78.1041564,96.75161577,96.75161577
4,4_20NW,20NW,2015,373.3738489,72.74363627,60.198,240.4322127,460.5691487,189.0096716,76.2,195.3594771,258.8366005,69.72499363,162.6956068,162.6956068
4,4_20NW,20NW,2016,231.6426759,58.1133456,71.374,102.1553303,373.3738489,72.74363627,60.198,240.4322127,460.5691487,189.0096716,195.3594771,195.3594771
4,4_20NW,20NW,2017,303.8820429,54.4816727,55.88,193.5203703,231.6426759,58.1133456,71.374,102.1553303,373.3738489,72.74363627,240.4322127,240.4322127
4,4_20NW,20NW,2018,310.2861749,80.40155418,53.34,176.5446208,303.8820429,54.4816727,55.88,193.5203703,231.6426759,58.1133456,102.1553303,102.1553303
4,4_20NW,20NW,2019,340.2183518,19.00621849,82.56299494,238.6491383,310.2861749,80.40155418,53.34,176.5446208,303.8820429,54.4816727,193.5203703,193.5203703
4,4_20NW,20NW,2020,271.8244464,33.38420624,82.35956254,156.0806776,340.2183518,19.00621849,82.56299494,238.6491383,310.2861749,80.40155418,176.5446208,176.5446208
4,4_20NW,20NW,2021,416.5978737,22.50171324,112.93448,281.1616805,271.8244464,33.38420624,82.35956254,156.0806776,340.2183518,19.00621849,238.6491383,238.6491383
4,4_20NW,20NW,2022,274.0278844,38.86455049,66.91644181,168.2468921,416.5978737,22.50171324,112.93448,281.1616805,271.8244464,33.38420624,156.0806776,156.0806776
4,4_20NW,20NW,2023,452.7504534,47.05397469,48.514,357.1824787,274.0278844,38.86455049,66.91644181,168.2468921,416.5978737,22.50171324,281.1616805,281.1616805
5,5_20NW,20NW,2011,298.8309815,5.014984068,49.022,244.7939974,NA,NA,NA,NA,NA,NA,NA,NA
5,5_20NW,20NW,2012,203.3231654,78.90245813,18.288,106.1327072,298.8309815,5.014984068,49.022,244.7939974,NA,NA,NA,NA
5,5_20NW,20NW,2013,266.5168729,73.58610064,26.416,166.5147722,203.3231654,78.90245813,18.288,106.1327072,298.8309815,5.014984068,244.7939974,244.7939974
5,5_20NW,20NW,2014,454.4567418,182.1576792,76.2,196.0990626,266.5168729,73.58610064,26.416,166.5147722,203.3231654,78.90245813,106.1327072,106.1327072
5,5_20NW,20NW,2015,376.6401658,74.17885961,60.198,242.2633062,454.4567418,182.1576792,76.2,196.0990626,266.5168729,73.58610064,166.5147722,166.5147722
5,5_20NW,20NW,2016,232.7278718,57.79796365,71.374,103.5559081,376.6401658,74.17885961,60.198,242.2633062,454.4567418,182.1576792,196.0990626,196.0990626
5,5_20NW,20NW,2017,302.5535733,58.919793,55.88,187.7537803,232.7278718,57.79796365,71.374,103.5559081,376.6401658,74.17885961,242.2633062,242.2633062
5,5_20NW,20NW,2018,303.7920695,80.10554738,53.34,170.3465221,302.5535733,58.919793,55.88,187.7537803,232.7278718,57.79796365,103.5559081,103.5559081
5,5_20NW,20NW,2019,339.1775856,18.96034537,84.77444112,235.4427991,303.7920695,80.10554738,53.34,170.3465221,302.5535733,58.919793,187.7537803,187.7537803
5,5_20NW,20NW,2020,272.433055,34.20828687,83.00184165,155.2229264,339.1775856,18.96034537,84.77444112,235.4427991,303.7920695,80.10554738,170.3465221,170.3465221
5,5_20NW,20NW,2021,454.7324944,23.92850895,112.8018723,318.0021132,272.433055,34.20828687,83.00184165,155.2229264,339.1775856,18.96034537,235.4427991,235.4427991
5,5_20NW,20NW,2022,277.9758552,40.99459128,67.08920213,169.8920618,454.7324944,23.92850895,112.8018723,318.0021132,272.433055,34.20828687,155.2229264,155.2229264
5,5_20NW,20NW,2023,459.4039763,45.4692411,48.514,365.4207352,277.9758552,40.99459128,67.08920213,169.8920618,454.7324944,23.92850895,318.0021132,318.0021132
6,6_20NW,20NW,2011,300.0594962,4.889361623,49.022,246.1481346,NA,NA,NA,NA,NA,NA,NA,NA
6,6_20NW,20NW,2012,201.4899334,79.41172661,18.288,103.7902068,300.0594962,4.889361623,49.022,246.1481346,NA,NA,NA,NA
6,6_20NW,20NW,2013,267.8499575,73.56778537,26.416,167.8661722,201.4899334,79.41172661,18.288,103.7902068,300.0594962,4.889361623,246.1481346,246.1481346
6,6_20NW,20NW,2014,453.2212759,182.9501958,76.2,194.0710801,267.8499575,73.56778537,26.416,167.8661722,201.4899334,79.41172661,103.7902068,103.7902068
6,6_20NW,20NW,2015,378.0481527,75.29987046,60.198,242.5502823,453.2212759,182.9501958,76.2,194.0710801,267.8499575,73.56778537,167.8661722,167.8661722
6,6_20NW,20NW,2016,234.6275758,58.34373518,71.374,104.9098406,378.0481527,75.29987046,60.198,242.5502823,453.2212759,182.9501958,194.0710801,194.0710801
6,6_20NW,20NW,2017,306.8030535,59.93034285,55.88,190.9927107,234.6275758,58.34373518,71.374,104.9098406,378.0481527,75.29987046,242.5502823,242.5502823
6,6_20NW,20NW,2018,310.8601365,80.85896954,53.34,176.6611669,306.8030535,59.93034285,55.88,190.9927107,234.6275758,58.34373518,104.9098406,104.9098406
6,6_20NW,20NW,2019,340.9185067,19.59701356,83.20391733,238.1175758,310.8601365,80.85896954,53.34,176.6611669,306.8030535,59.93034285,190.9927107,190.9927107
6,6_20NW,20NW,2020,275.5753024,34.3628077,82.4352583,158.7772364,340.9185067,19.59701356,83.20391733,238.1175758,310.8601365,80.85896954,176.6611669,176.6611669
6,6_20NW,20NW,2021,444.5768966,23.54167984,112.889612,308.1456048,275.5753024,34.3628077,82.4352583,158.7772364,340.9185067,19.59701356,238.1175758,238.1175758
6,6_20NW,20NW,2022,278.8349406,40.38059713,66.9193844,171.5349591,444.5768966,23.54167984,112.889612,308.1456048,275.5753024,34.3628077,158.7772364,158.7772364
6,6_20NW,20NW,2023,459.2468612,45.57102147,48.514,365.1618397,278.8349406,40.38059713,66.9193844,171.5349591,444.5768966,23.54167984,308.1456048,308.1456048
1,1_20SE,20SE,2011,288.419918,6.491988961,49.022,232.9059291,NA,NA,NA,NA,NA,NA,NA,NA
1,1_20SE,20SE,2012,205.579128,76.26382942,18.288,111.0272985,288.419918,6.491988961,49.022,232.9059291,NA,NA,NA,NA
1,1_20SE,20SE,2013,264.3344239,75.90282509,26.416,162.0155988,205.579128,76.26382942,18.288,111.0272985,288.419918,6.491988961,232.9059291,232.9059291
1,1_20SE,20SE,2014,457.9196361,177.3412897,76.2,204.3783464,264.3344239,75.90282509,26.416,162.0155988,205.579128,76.26382942,111.0272985,111.0272985
1,1_20SE,20SE,2015,364.7903819,69.44497043,60.198,235.1474115,457.9196361,177.3412897,76.2,204.3783464,264.3344239,75.90282509,162.0155988,162.0155988
1,1_20SE,20SE,2016,225.9284228,55.68474109,71.374,98.86968175,364.7903819,69.44497043,60.198,235.1474115,457.9196361,177.3412897,204.3783464,204.3783464
1,1_20SE,20SE,2017,287.5254617,52.87993064,55.88,178.765531,225.9284228,55.68474109,71.374,98.86968175,364.7903819,69.44497043,235.1474115,235.1474115
1,1_20SE,20SE,2018,283.1752226,76.44945524,53.34,153.3857673,287.5254617,52.87993064,55.88,178.765531,225.9284228,55.68474109,98.86968175,98.86968175
1,1_20SE,20SE,2019,345.3274165,18.76636379,94.71598677,231.845066,283.1752226,76.44945524,53.34,153.3857673,287.5254617,52.87993064,178.765531,178.765531
1,1_20SE,20SE,2020,267.8582352,33.96063663,86.30186197,147.5957366,345.3274165,18.76636379,94.71598677,231.845066,283.1752226,76.44945524,153.3857673,153.3857673
1,1_20SE,20SE,2021,497.0736976,26.06589396,112.2845417,358.7232619,267.8582352,33.96063663,86.30186197,147.5957366,345.3274165,18.76636379,231.845066,231.845066
1,1_20SE,20SE,2022,286.1462818,42.61950283,68.21973427,175.3070447,497.0736976,26.06589396,112.2845417,358.7232619,267.8582352,33.96063663,147.5957366,147.5957366
1,1_20SE,20SE,2023,460.3676564,48.94045483,48.514,362.9132015,286.1462818,42.61950283,68.21973427,175.3070447,497.0736976,26.06589396,358.7232619,358.7232619
2,2_20SE,20SE,2011,288.2793231,6.513057962,49.022,232.7442652,NA,NA,NA,NA,NA,NA,NA,NA
2,2_20SE,20SE,2012,206.6724798,76.58931148,18.288,111.7951684,288.2793231,6.513057962,49.022,232.7442652,NA,NA,NA,NA
2,2_20SE,20SE,2013,264.890697,75.66709336,26.416,162.8076036,206.6724798,76.58931148,18.288,111.7951684,288.2793231,6.513057962,232.7442652,232.7442652
2,2_20SE,20SE,2014,456.4898733,177.7673353,76.2,202.522538,264.890697,75.66709336,26.416,162.8076036,206.6724798,76.58931148,111.7951684,111.7951684
2,2_20SE,20SE,2015,368.2240161,70.15598345,60.198,237.8700327,456.4898733,177.7673353,76.2,202.522538,264.890697,75.66709336,162.8076036,162.8076036
2,2_20SE,20SE,2016,226.0090092,55.76662287,71.374,98.86838633,368.2240161,70.15598345,60.198,237.8700327,456.4898733,177.7673353,202.522538,202.522538
2,2_20SE,20SE,2017,287.1208629,54.61806687,55.88,176.622796,226.0090092,55.76662287,71.374,98.86838633,368.2240161,70.15598345,237.8700327,237.8700327
2,2_20SE,20SE,2018,286.5245201,76.6191443,53.34,156.5653758,287.1208629,54.61806687,55.88,176.622796,226.0090092,55.76662287,98.86838633,98.86838633
2,2_20SE,20SE,2019,341.105657,18.39804517,91.68940828,231.0182035,286.5245201,76.6191443,53.34,156.5653758,287.1208629,54.61806687,176.622796,176.622796
2,2_20SE,20SE,2020,268.2843729,33.9778822,85.2531433,149.0533474,341.105657,18.39804517,91.68940828,231.0182035,286.5245201,76.6191443,156.5653758,156.5653758
2,2_20SE,20SE,2021,500.2861341,25.64512053,112.4199248,362.2210888,268.2843729,33.9778822,85.2531433,149.0533474,341.105657,18.39804517,231.0182035,231.0182035
2,2_20SE,20SE,2022,284.7906387,43.54622513,67.82277682,173.4216368,500.2861341,25.64512053,112.4199248,362.2210888,268.2843729,33.9778822,149.0533474,149.0533474
2,2_20SE,20SE,2023,458.2130189,47.03469105,48.514,362.6643278,284.7906387,43.54622513,67.82277682,173.4216368,500.2861341,25.64512053,362.2210888,362.2210888
3,3_20SE,20SE,2011,290.8675978,6.160303412,49.022,235.6852944,NA,NA,NA,NA,NA,NA,NA,NA
3,3_20SE,20SE,2012,206.2042237,77.30406333,18.288,110.6121603,290.8675978,6.160303412,49.022,235.6852944,NA,NA,NA,NA
3,3_20SE,20SE,2013,264.3348818,75.1045875,26.416,162.8142943,206.2042237,77.30406333,18.288,110.6121603,290.8675978,6.160303412,235.6852944,235.6852944
3,3_20SE,20SE,2014,458.5303839,178.9354668,76.2,203.3949171,264.3348818,75.1045875,26.416,162.8142943,206.2042237,77.30406333,110.6121603,110.6121603
3,3_20SE,20SE,2015,368.8562909,70.78561232,60.198,237.8726786,458.5303839,178.9354668,76.2,203.3949171,264.3348818,75.1045875,162.8142943,162.8142943
3,3_20SE,20SE,2016,227.5405117,56.1836181,71.374,99.98289361,368.8562909,70.78561232,60.198,237.8726786,458.5303839,178.9354668,203.3949171,203.3949171
3,3_20SE,20SE,2017,291.9267695,54.5796209,55.88,181.4671486,227.5405117,56.1836181,71.374,99.98289361,368.8562909,70.78561232,237.8726786,237.8726786
3,3_20SE,20SE,2018,284.5271944,77.43654019,53.34,153.7506542,291.9267695,54.5796209,55.88,181.4671486,227.5405117,56.1836181,99.98289361,99.98289361
3,3_20SE,20SE,2019,340.4032564,18.68189205,91.54763115,230.1737333,284.5271944,77.43654019,53.34,153.7506542,291.9267695,54.5796209,181.4671486,181.4671486
3,3_20SE,20SE,2020,265.2257561,33.84948874,85.43432225,145.9419451,340.4032564,18.68189205,91.54763115,230.1737333,284.5271944,77.43654019,153.7506542,153.7506542
3,3_20SE,20SE,2021,484.0593311,25.21796721,112.2893908,346.5519731,265.2257561,33.84948874,85.43432225,145.9419451,340.4032564,18.68189205,230.1737333,230.1737333
3,3_20SE,20SE,2022,281.2857453,42.10082845,67.90736305,171.2775538,484.0593311,25.21796721,112.2893908,346.5519731,265.2257561,33.84948874,145.9419451,145.9419451
3,3_20SE,20SE,2023,461.1838078,47.24384223,48.514,365.4259655,281.2857453,42.10082845,67.90736305,171.2775538,484.0593311,25.21796721,346.5519731,346.5519731
4,4_20SE,20SE,2011,292.9508788,6.158462262,49.022,237.7704165,NA,NA,NA,NA,NA,NA,NA,NA
4,4_20SE,20SE,2012,210.4712423,79.11638806,18.288,113.0668543,292.9508788,6.158462262,49.022,237.7704165,NA,NA,NA,NA
4,4_20SE,20SE,2013,266.277004,74.70794052,26.416,165.1530635,210.4712423,79.11638806,18.288,113.0668543,292.9508788,6.158462262,237.7704165,237.7704165
4,4_20SE,20SE,2014,454.330242,179.8306156,76.2,198.2996264,266.277004,74.70794052,26.416,165.1530635,210.4712423,79.11638806,113.0668543,113.0668543
4,4_20SE,20SE,2015,374.7724485,72.44199687,60.198,242.1324516,454.330242,179.8306156,76.2,198.2996264,266.277004,74.70794052,165.1530635,165.1530635
4,4_20SE,20SE,2016,229.3136586,56.79689938,71.374,101.1427593,374.7724485,72.44199687,60.198,242.1324516,454.330242,179.8306156,198.2996264,198.2996264
4,4_20SE,20SE,2017,296.0106332,60.02574619,55.88,180.104887,229.3136586,56.79689938,71.374,101.1427593,374.7724485,72.44199687,242.1324516,242.1324516
4,4_20SE,20SE,2018,294.4739352,78.37817996,53.34,162.7557553,296.0106332,60.02574619,55.88,180.104887,229.3136586,56.79689938,101.1427593,101.1427593
4,4_20SE,20SE,2019,338.0245288,18.37409708,87.57155672,232.078875,294.4739352,78.37817996,53.34,162.7557553,296.0106332,60.02574619,180.104887,180.104887
4,4_20SE,20SE,2020,270.2731657,34.20384998,83.85717308,152.2121427,338.0245288,18.37409708,87.57155672,232.078875,294.4739352,78.37817996,162.7557553,162.7557553
4,4_20SE,20SE,2021,477.1297974,24.80899496,112.6682462,339.6525563,270.2731657,34.20384998,83.85717308,152.2121427,338.0245288,18.37409708,232.078875,232.078875
4,4_20SE,20SE,2022,280.6901336,42.73163077,67.3500794,170.6084234,477.1297974,24.80899496,112.6682462,339.6525563,270.2731657,34.20384998,152.2121427,152.2121427
4,4_20SE,20SE,2023,459.1299742,45.56012889,48.514,365.0558453,280.6901336,42.73163077,67.3500794,170.6084234,477.1297974,24.80899496,339.6525563,339.6525563
5,5_20SE,20SE,2011,295.8743613,5.790629857,49.022,241.0617315,NA,NA,NA,NA,NA,NA,NA,NA
5,5_20SE,20SE,2012,208.3205293,79.22693512,18.288,110.8055942,295.8743613,5.790629857,49.022,241.0617315,NA,NA,NA,NA
5,5_20SE,20SE,2013,266.8236886,74.3283324,26.416,166.0793562,208.3205293,79.22693512,18.288,110.8055942,295.8743613,5.790629857,241.0617315,241.0617315
5,5_20SE,20SE,2014,453.4804433,180.816883,76.2,196.4635603,266.8236886,74.3283324,26.416,166.0793562,208.3205293,79.22693512,110.8055942,110.8055942
5,5_20SE,20SE,2015,376.3104402,73.31677772,60.198,242.7956625,453.4804433,180.816883,76.2,196.4635603,266.8236886,74.3283324,166.0793562,166.0793562
5,5_20SE,20SE,2016,231.0132882,57.30195344,71.374,102.3373348,376.3104402,73.31677772,60.198,242.7956625,453.4804433,180.816883,196.4635603,196.4635603
5,5_20SE,20SE,2017,299.2563368,60.73384063,55.88,182.6424962,231.0132882,57.30195344,71.374,102.3373348,376.3104402,73.31677772,242.7956625,242.7956625
5,5_20SE,20SE,2018,298.7007382,79.15478998,53.34,166.2059482,299.2563368,60.73384063,55.88,182.6424962,231.0132882,57.30195344,102.3373348,102.3373348
5,5_20SE,20SE,2019,338.093242,18.55909533,86.13137554,233.4027711,298.7007382,79.15478998,53.34,166.2059482,299.2563368,60.73384063,182.6424962,182.6424962
5,5_20SE,20SE,2020,272.043238,34.35846172,83.38372523,154.301051,338.093242,18.55909533,86.13137554,233.4027711,298.7007382,79.15478998,166.2059482,166.2059482
5,5_20SE,20SE,2021,467.1841014,24.52524581,112.7587756,329.9000801,272.043238,34.35846172,83.38372523,154.301051,338.093242,18.55909533,233.4027711,233.4027711
5,5_20SE,20SE,2022,279.6289731,42.12276875,67.20040644,170.305798,467.1841014,24.52524581,112.7587756,329.9000801,272.043238,34.35846172,154.301051,154.301051
5,5_20SE,20SE,2023,459.4457086,45.36344123,48.514,365.5682674,279.6289731,42.12276875,67.20040644,170.305798,467.1841014,24.52524581,329.9000801,329.9000801
6,6_20SE,20SE,2011,297.7132834,5.991583924,49.022,242.6996994,NA,NA,NA,NA,NA,NA,NA,NA
6,6_20SE,20SE,2012,209.6242997,79.94454121,18.288,111.3917585,297.7132834,5.991583924,49.022,242.6996994,NA,NA,NA,NA
6,6_20SE,20SE,2013,268.3637062,74.36023781,26.416,167.5874684,209.6242997,79.94454121,18.288,111.3917585,297.7132834,5.991583924,242.6996994,242.6996994
6,6_20SE,20SE,2014,450.2762158,180.686509,76.2,193.3897068,268.3637062,74.36023781,26.416,167.5874684,209.6242997,79.94454121,111.3917585,111.3917585
6,6_20SE,20SE,2015,378.406627,73.91510886,60.198,244.2935182,450.2762158,180.686509,76.2,193.3897068,268.3637062,74.36023781,167.5874684,167.5874684
6,6_20SE,20SE,2016,232.3887947,57.6991919,71.374,103.3156028,378.406627,73.91510886,60.198,244.2935182,450.2762158,180.686509,193.3897068,193.3897068
6,6_20SE,20SE,2017,304.7678184,64.82860291,55.88,184.0592155,232.3887947,57.6991919,71.374,103.3156028,378.406627,73.91510886,244.2935182,244.2935182
6,6_20SE,20SE,2018,303.3742105,79.61325085,53.34,170.4209597,304.7678184,64.82860291,55.88,184.0592155,232.3887947,57.6991919,103.3156028,103.3156028
6,6_20SE,20SE,2019,338.8255866,18.74619609,84.57670634,235.5026841,303.3742105,79.61325085,53.34,170.4209597,304.7678184,64.82860291,184.0592155,184.0592155
6,6_20SE,20SE,2020,276.2861143,34.88739622,82.79197708,158.606741,338.8255866,18.74619609,84.57670634,235.5026841,303.3742105,79.61325085,170.4209597,170.4209597
6,6_20SE,20SE,2021,452.6407823,24.45042343,112.8939063,315.2964526,276.2861143,34.88739622,82.79197708,158.606741,338.8255866,18.74619609,235.5026841,235.5026841
6,6_20SE,20SE,2022,280.3960713,42.01361346,67.02140153,171.3610563,452.6407823,24.45042343,112.8939063,315.2964526,276.2861143,34.88739622,158.606741,158.606741
6,6_20SE,20SE,2023,459.763351,45.30550066,48.514,365.9438503,280.3960713,42.01361346,67.02140153,171.3610563,452.6407823,24.45042343,315.2964526,315.2964526
1,1_21N,21N,2011,282.7408549,11.0878558,49.022,222.6309991,NA,NA,NA,NA,NA,NA,NA,NA
1,1_21N,21N,2012,211.9288247,94.18961945,18.288,99.45120525,282.7408549,11.0878558,49.022,222.6309991,NA,NA,NA,NA
1,1_21N,21N,2013,250.2148421,66.50834694,26.416,157.2904952,211.9288247,94.18961945,18.288,99.45120525,282.7408549,11.0878558,222.6309991,222.6309991
1,1_21N,21N,2014,504.2436779,196.6891885,76.2,231.3544893,250.2148421,66.50834694,26.416,157.2904952,211.9288247,94.18961945,99.45120525,99.45120525
1,1_21N,21N,2015,413.2303758,65.83015172,60.198,287.2022241,504.2436779,196.6891885,76.2,231.3544893,250.2148421,66.50834694,157.2904952,157.2904952
1,1_21N,21N,2016,241.9407736,60.65286726,71.374,109.9139063,413.2303758,65.83015172,60.198,287.2022241,504.2436779,196.6891885,231.3544893,231.3544893
1,1_21N,21N,2017,281.8824926,41.8472875,55.88,184.1552051,241.9407736,60.65286726,71.374,109.9139063,413.2303758,65.83015172,287.2022241,287.2022241
1,1_21N,21N,2018,301.6360048,89.11257904,53.34,159.1834258,281.8824926,41.8472875,55.88,184.1552051,241.9407736,60.65286726,109.9139063,109.9139063
1,1_21N,21N,2019,352.977342,12.3027358,90.45742611,250.2171801,301.6360048,89.11257904,53.34,159.1834258,281.8824926,41.8472875,184.1552051,184.1552051
1,1_21N,21N,2020,290.4903779,42.27921792,82.60517562,165.6059844,352.977342,12.3027358,90.45742611,250.2171801,301.6360048,89.11257904,159.1834258,159.1834258
1,1_21N,21N,2021,354.7414565,31.65863622,113.4883322,209.594488,290.4903779,42.27921792,82.60517562,165.6059844,352.977342,12.3027358,250.2171801,250.2171801
1,1_21N,21N,2022,231.1083632,43.13010921,65.01132097,122.9669331,354.7414565,31.65863622,113.4883322,209.594488,290.4903779,42.27921792,165.6059844,165.6059844
1,1_21N,21N,2023,415.1145423,55.25963353,48.514,311.3409088,231.1083632,43.13010921,65.01132097,122.9669331,354.7414565,31.65863622,209.594488,209.594488
2,2_21N,21N,2011,285.1319202,11.08031561,49.022,225.0296046,NA,NA,NA,NA,NA,NA,NA,NA
2,2_21N,21N,2012,210.1477174,93.48580508,18.288,98.37391232,285.1319202,11.08031561,49.022,225.0296046,NA,NA,NA,NA
2,2_21N,21N,2013,251.5921231,66.93716684,26.416,158.2389562,210.1477174,93.48580508,18.288,98.37391232,285.1319202,11.08031561,225.0296046,225.0296046
2,2_21N,21N,2014,500.3431251,198.4284098,76.2,225.7147153,251.5921231,66.93716684,26.416,158.2389562,210.1477174,93.48580508,98.37391232,98.37391232
2,2_21N,21N,2015,414.3183875,65.63396853,60.198,288.4864189,500.3431251,198.4284098,76.2,225.7147153,251.5921231,66.93716684,158.2389562,158.2389562
2,2_21N,21N,2016,244.8143451,62.02566425,71.374,111.4146808,414.3183875,65.63396853,60.198,288.4864189,500.3431251,198.4284098,225.7147153,225.7147153
2,2_21N,21N,2017,278.0908042,40.39230479,55.88,181.8184994,244.8143451,62.02566425,71.374,111.4146808,414.3183875,65.63396853,288.4864189,288.4864189
2,2_21N,21N,2018,301.4496347,88.77490428,53.34,159.3347304,278.0908042,40.39230479,55.88,181.8184994,244.8143451,62.02566425,111.4146808,111.4146808
2,2_21N,21N,2019,346.4533708,11.43551141,81.2579726,253.7598868,301.4496347,88.77490428,53.34,159.3347304,278.0908042,40.39230479,181.8184994,181.8184994
2,2_21N,21N,2020,260.2060983,36.11002891,75.55616667,148.5399027,346.4533708,11.43551141,81.2579726,253.7598868,301.4496347,88.77490428,159.3347304,159.3347304
2,2_21N,21N,2021,348.8043059,32.55169229,112.3252321,203.9273815,260.2060983,36.11002891,75.55616667,148.5399027,346.4533708,11.43551141,253.7598868,253.7598868
2,2_21N,21N,2022,208.5138663,41.17956916,65.04287435,102.2914228,348.8043059,32.55169229,112.3252321,203.9273815,260.2060983,36.11002891,148.5399027,148.5399027
2,2_21N,21N,2023,411.2584093,57.78740762,48.514,304.9570016,208.5138663,41.17956916,65.04287435,102.2914228,348.8043059,32.55169229,203.9273815,203.9273815
3,3_21N,21N,2011,284.4000874,14.06023672,49.022,221.3178507,NA,NA,NA,NA,NA,NA,NA,NA
3,3_21N,21N,2012,216.2777636,96.37475727,18.288,101.6150064,284.4000874,14.06023672,49.022,221.3178507,NA,NA,NA,NA
3,3_21N,21N,2013,242.9355227,62.42857593,26.416,154.0909468,216.2777636,96.37475727,18.288,101.6150064,284.4000874,14.06023672,221.3178507,221.3178507
3,3_21N,21N,2014,515.8161412,195.8796477,76.2,243.7364934,242.9355227,62.42857593,26.416,154.0909468,216.2777636,96.37475727,101.6150064,101.6150064
3,3_21N,21N,2015,415.3753309,62.32110307,60.198,292.8562279,515.8161412,195.8796477,76.2,243.7364934,242.9355227,62.42857593,154.0909468,154.0909468
3,3_21N,21N,2016,244.0784123,60.80053655,71.374,111.9038758,415.3753309,62.32110307,60.198,292.8562279,515.8161412,195.8796477,243.7364934,243.7364934
3,3_21N,21N,2017,286.1095841,43.42356936,55.88,186.8060147,244.0784123,60.80053655,71.374,111.9038758,415.3753309,62.32110307,292.8562279,292.8562279
3,3_21N,21N,2018,301.7853455,90.71544786,53.34,157.7298976,286.1095841,43.42356936,55.88,186.8060147,244.0784123,60.80053655,111.9038758,111.9038758
3,3_21N,21N,2019,352.0532574,12.80983961,88.12488997,251.1185279,301.7853455,90.71544786,53.34,157.7298976,286.1095841,43.42356936,186.8060147,186.8060147
3,3_21N,21N,2020,274.3889742,38.42781836,79.84405214,156.1171037,352.0532574,12.80983961,88.12488997,251.1185279,301.7853455,90.71544786,157.7298976,157.7298976
3,3_21N,21N,2021,350.6987783,28.86369615,113.0314956,208.8035866,274.3889742,38.42781836,79.84405214,156.1171037,352.0532574,12.80983961,251.1185279,251.1185279
3,3_21N,21N,2022,229.6371371,42.09947735,65.28867356,122.2489862,350.6987783,28.86369615,113.0314956,208.8035866,274.3889742,38.42781836,156.1171037,156.1171037
3,3_21N,21N,2023,385.9011745,51.81050174,48.514,285.5766728,229.6371371,42.09947735,65.28867356,122.2489862,350.6987783,28.86369615,208.8035866,208.8035866
4,4_21N,21N,2011,285.4228668,14.12834015,49.022,222.2725267,NA,NA,NA,NA,NA,NA,NA,NA
4,4_21N,21N,2012,217.293798,96.3134891,18.288,102.6923089,285.4228668,14.12834015,49.022,222.2725267,NA,NA,NA,NA
4,4_21N,21N,2013,242.6477403,62.4556805,26.416,153.7760598,217.293798,96.3134891,18.288,102.6923089,285.4228668,14.12834015,222.2725267,222.2725267
4,4_21N,21N,2014,515.6983841,196.6395159,76.2,242.8588682,242.6477403,62.4556805,26.416,153.7760598,217.293798,96.3134891,102.6923089,102.6923089
4,4_21N,21N,2015,416.1222598,61.87330058,60.198,294.0509592,515.6983841,196.6395159,76.2,242.8588682,242.6477403,62.4556805,153.7760598,153.7760598
4,4_21N,21N,2016,245.1900798,61.16747623,71.374,112.6486035,416.1222598,61.87330058,60.198,294.0509592,515.6983841,196.6395159,242.8588682,242.8588682
4,4_21N,21N,2017,286.6550586,44.75232013,55.88,186.0227385,245.1900798,61.16747623,71.374,112.6486035,416.1222598,61.87330058,294.0509592,294.0509592
4,4_21N,21N,2018,301.7959168,90.84026671,53.34,157.6156501,286.6550586,44.75232013,55.88,186.0227385,245.1900798,61.16747623,112.6486035,112.6486035
4,4_21N,21N,2019,351.915881,12.74424629,87.58396811,251.5876666,301.7959168,90.84026671,53.34,157.6156501,286.6550586,44.75232013,186.0227385,186.0227385
4,4_21N,21N,2020,273.8233982,37.9402933,79.59681849,156.2862864,351.915881,12.74424629,87.58396811,251.5876666,301.7959168,90.84026671,157.6156501,157.6156501
4,4_21N,21N,2021,347.0725337,29.08367557,112.9702967,205.0185614,273.8233982,37.9402933,79.59681849,156.2862864,351.915881,12.74424629,251.5876666,251.5876666
4,4_21N,21N,2022,228.4597818,41.81757179,65.2874191,121.3547909,347.0725337,29.08367557,112.9702967,205.0185614,273.8233982,37.9402933,156.2862864,156.2862864
4,4_21N,21N,2023,386.9076281,52.4810528,48.514,285.9125753,228.4597818,41.81757179,65.2874191,121.3547909,347.0725337,29.08367557,205.0185614,205.0185614
1,1_24W,24W,2011,258.469867,6.654330571,49.022,202.7935364,NA,NA,NA,NA,NA,NA,NA,NA
1,1_24W,24W,2012,207.5379985,84.45969064,18.288,104.7903079,258.469867,6.654330571,49.022,202.7935364,NA,NA,NA,NA
1,1_24W,24W,2013,253.220692,71.0049512,26.416,155.7997408,207.5379985,84.45969064,18.288,104.7903079,258.469867,6.654330571,202.7935364,202.7935364
1,1_24W,24W,2014,486.1485737,187.8933622,76.2,222.0552115,253.220692,71.0049512,26.416,155.7997408,207.5379985,84.45969064,104.7903079,104.7903079
1,1_24W,24W,2015,394.130581,78.99759934,60.198,254.9349817,486.1485737,187.8933622,76.2,222.0552115,253.220692,71.0049512,155.7997408,155.7997408
1,1_24W,24W,2016,235.5782966,57.85987327,71.374,106.3444233,394.130581,78.99759934,60.198,254.9349817,486.1485737,187.8933622,222.0552115,222.0552115
1,1_24W,24W,2017,312.8741488,53.22639957,55.88,203.7677492,235.5782966,57.85987327,71.374,106.3444233,394.130581,78.99759934,254.9349817,254.9349817
1,1_24W,24W,2018,299.6359884,85.54945412,53.34,160.7465343,312.8741488,53.22639957,55.88,203.7677492,235.5782966,57.85987327,106.3444233,106.3444233
1,1_24W,24W,2019,345.0382669,17.18961957,90.91301517,236.9356322,299.6359884,85.54945412,53.34,160.7465343,312.8741488,53.22639957,203.7677492,203.7677492
1,1_24W,24W,2020,275.5556006,36.24151359,81.18618178,158.1279052,345.0382669,17.18961957,90.91301517,236.9356322,299.6359884,85.54945412,160.7465343,160.7465343
1,1_24W,24W,2021,444.9480898,32.71233191,113.2943838,298.9413741,275.5556006,36.24151359,81.18618178,158.1279052,345.0382669,17.18961957,236.9356322,236.9356322
1,1_24W,24W,2022,267.23473,55.60314265,66.86015256,144.7714348,444.9480898,32.71233191,113.2943838,298.9413741,275.5556006,36.24151359,158.1279052,158.1279052
1,1_24W,24W,2023,413.0280161,47.64366048,48.514,316.8703557,267.23473,55.60314265,66.86015256,144.7714348,444.9480898,32.71233191,298.9413741,298.9413741
2,2_24W,24W,2011,259.7765595,6.562161244,49.022,204.1923983,NA,NA,NA,NA,NA,NA,NA,NA
2,2_24W,24W,2012,207.4171633,86.03916398,18.288,103.0899993,259.7765595,6.562161244,49.022,204.1923983,NA,NA,NA,NA
2,2_24W,24W,2013,255.1638791,73.27758471,26.416,155.4702943,207.4171633,86.03916398,18.288,103.0899993,259.7765595,6.562161244,204.1923983,204.1923983
2,2_24W,24W,2014,484.0064062,190.1541089,76.2,217.6522973,255.1638791,73.27758471,26.416,155.4702943,207.4171633,86.03916398,103.0899993,103.0899993
2,2_24W,24W,2015,390.9786802,78.33930798,60.198,252.4413723,484.0064062,190.1541089,76.2,217.6522973,255.1638791,73.27758471,155.4702943,155.4702943
2,2_24W,24W,2016,236.6497968,57.81256249,71.374,107.4632344,390.9786802,78.33930798,60.198,252.4413723,484.0064062,190.1541089,217.6522973,217.6522973
2,2_24W,24W,2017,319.2482666,53.08210781,55.88,210.2861588,236.6497968,57.81256249,71.374,107.4632344,390.9786802,78.33930798,252.4413723,252.4413723
2,2_24W,24W,2018,302.0157429,87.65685897,53.34,161.0188839,319.2482666,53.08210781,55.88,210.2861588,236.6497968,57.81256249,107.4632344,107.4632344
2,2_24W,24W,2019,349.5624093,19.58508593,92.30497363,237.6723497,302.0157429,87.65685897,53.34,161.0188839,319.2482666,53.08210781,210.2861588,210.2861588
2,2_24W,24W,2020,278.3938229,35.27068788,81.17499218,161.9481428,349.5624093,19.58508593,92.30497363,237.6723497,302.0157429,87.65685897,161.0188839,161.0188839
2,2_24W,24W,2021,428.1965153,30.26113108,112.9481384,284.9872458,278.3938229,35.27068788,81.17499218,161.9481428,349.5624093,19.58508593,237.6723497,237.6723497
2,2_24W,24W,2022,259.8828947,55.05568248,66.63544442,138.1917678,428.1965153,30.26113108,112.9481384,284.9872458,278.3938229,35.27068788,161.9481428,161.9481428
2,2_24W,24W,2023,423.1681024,48.7883772,48.514,325.8657252,259.8828947,55.05568248,66.63544442,138.1917678,428.1965153,30.26113108,284.9872458,284.9872458
3,3_24W,24W,2011,260.4303771,6.138556755,49.022,205.2698203,NA,NA,NA,NA,NA,NA,NA,NA
3,3_24W,24W,2012,203.7790195,84.7132538,18.288,100.7777657,260.4303771,6.138556755,49.022,205.2698203,NA,NA,NA,NA
3,3_24W,24W,2013,255.7071738,72.54194696,26.416,156.7492269,203.7790195,84.7132538,18.288,100.7777657,260.4303771,6.138556755,205.2698203,205.2698203
3,3_24W,24W,2014,481.266784,191.0576377,76.2,214.0091463,255.7071738,72.54194696,26.416,156.7492269,203.7790195,84.7132538,100.7777657,100.7777657
3,3_24W,24W,2015,389.6558187,78.39599544,60.198,251.0618232,481.266784,191.0576377,76.2,214.0091463,255.7071738,72.54194696,156.7492269,156.7492269
3,3_24W,24W,2016,235.3315295,57.47394053,71.374,106.483589,389.6558187,78.39599544,60.198,251.0618232,481.266784,191.0576377,214.0091463,214.0091463
3,3_24W,24W,2017,321.6166731,54.57633932,55.88,211.1603338,235.3315295,57.47394053,71.374,106.483589,389.6558187,78.39599544,251.0618232,251.0618232
3,3_24W,24W,2018,301.664583,86.56728536,53.34,161.7572977,321.6166731,54.57633932,55.88,211.1603338,235.3315295,57.47394053,106.483589,106.483589
3,3_24W,24W,2019,343.9477396,16.65173157,89.53917945,237.7568286,301.664583,86.56728536,53.34,161.7572977,321.6166731,54.57633932,211.1603338,211.1603338
3,3_24W,24W,2020,273.1290441,35.96730401,81.26636512,155.895375,343.9477396,16.65173157,89.53917945,237.7568286,301.664583,86.56728536,161.7572977,161.7572977
3,3_24W,24W,2021,421.9639232,30.66359012,113.3523085,277.9480246,273.1290441,35.96730401,81.26636512,155.895375,343.9477396,16.65173157,237.7568286,237.7568286
3,3_24W,24W,2022,260.8096569,51.30175867,66.73190276,142.7759955,421.9639232,30.66359012,113.3523085,277.9480246,273.1290441,35.96730401,155.895375,155.895375
3,3_24W,24W,2023,419.1213925,48.23726399,48.514,322.3701286,260.8096569,51.30175867,66.73190276,142.7759955,421.9639232,30.66359012,277.9480246,277.9480246
4,4_24W,24W,2011,259.2900841,5.841728811,49.022,204.4263553,NA,NA,NA,NA,NA,NA,NA,NA
4,4_24W,24W,2012,205.5175828,86.06446366,18.288,101.1651191,259.2900841,5.841728811,49.022,204.4263553,NA,NA,NA,NA
4,4_24W,24W,2013,254.7127157,74.28082673,26.416,154.0158889,205.5175828,86.06446366,18.288,101.1651191,259.2900841,5.841728811,204.4263553,204.4263553
4,4_24W,24W,2014,479.3975496,194.4209459,76.2,208.7766037,254.7127157,74.28082673,26.416,154.0158889,205.5175828,86.06446366,101.1651191,101.1651191
4,4_24W,24W,2015,388.5572165,77.61146446,60.198,250.7477521,479.3975496,194.4209459,76.2,208.7766037,254.7127157,74.28082673,154.0158889,154.0158889
4,4_24W,24W,2016,237.0472644,57.52967003,71.374,108.1435944,388.5572165,77.61146446,60.198,250.7477521,479.3975496,194.4209459,208.7766037,208.7766037
4,4_24W,24W,2017,326.8810824,54.16035057,55.88,216.8407318,237.0472644,57.52967003,71.374,108.1435944,388.5572165,77.61146446,250.7477521,250.7477521
4,4_24W,24W,2018,304.6594577,89.22232126,53.34,162.0971365,326.8810824,54.16035057,55.88,216.8407318,237.0472644,57.52967003,108.1435944,108.1435944
4,4_24W,24W,2019,343.5093411,15.95429923,88.74170107,238.8133408,304.6594577,89.22232126,53.34,162.0971365,326.8810824,54.16035057,216.8407318,216.8407318
4,4_24W,24W,2020,273.7167121,35.92782314,81.10318985,156.6856991,343.5093411,15.95429923,88.74170107,238.8133408,304.6594577,89.22232126,162.0971365,162.0971365
4,4_24W,24W,2021,406.8787313,29.34426602,113.4104291,264.1240362,273.7167121,35.92782314,81.10318985,156.6856991,343.5093411,15.95429923,238.8133408,238.8133408
4,4_24W,24W,2022,255.52864,48.57109922,66.51181187,140.4457289,406.8787313,29.34426602,113.4104291,264.1240362,273.7167121,35.92782314,156.6856991,156.6856991
4,4_24W,24W,2023,419.7071275,47.97264485,48.514,323.2204826,255.52864,48.57109922,66.51181187,140.4457289,406.8787313,29.34426602,264.1240362,264.1240362
1,1_25NW,25NW,2011,259.6960589,7.037339086,49.022,203.6367198,NA,NA,NA,NA,NA,NA,NA,NA
1,1_25NW,25NW,2012,204.0650184,80.01205238,18.288,105.7649661,259.6960589,7.037339086,49.022,203.6367198,NA,NA,NA,NA
1,1_25NW,25NW,2013,246.2717612,68.11114856,26.416,151.7446127,204.0650184,80.01205238,18.288,105.7649661,259.6960589,7.037339086,203.6367198,203.6367198
1,1_25NW,25NW,2014,490.2272629,185.552417,76.2,228.4748459,246.2717612,68.11114856,26.416,151.7446127,204.0650184,80.01205238,105.7649661,105.7649661
1,1_25NW,25NW,2015,399.3722338,78.82008001,60.198,260.3541538,490.2272629,185.552417,76.2,228.4748459,246.2717612,68.11114856,151.7446127,151.7446127
1,1_25NW,25NW,2016,233.5690189,57.7911725,71.374,104.4038464,399.3722338,78.82008001,60.198,260.3541538,490.2272629,185.552417,228.4748459,228.4748459
1,1_25NW,25NW,2017,300.4667573,53.98629801,55.88,190.6004593,233.5690189,57.7911725,71.374,104.4038464,399.3722338,78.82008001,260.3541538,260.3541538
1,1_25NW,25NW,2018,294.6686369,82.4372065,53.34,158.8914304,300.4667573,53.98629801,55.88,190.6004593,233.5690189,57.7911725,104.4038464,104.4038464
1,1_25NW,25NW,2019,331.2624336,13.17420911,92.00540221,226.0828223,294.6686369,82.4372065,53.34,158.8914304,300.4667573,53.98629801,190.6004593,190.6004593
1,1_25NW,25NW,2020,272.8611973,39.68460225,82.01378931,151.1628058,331.2624336,13.17420911,92.00540221,226.0828223,294.6686369,82.4372065,158.8914304,158.8914304
1,1_25NW,25NW,2021,465.7980017,32.94504969,113.0885451,319.7644069,272.8611973,39.68460225,82.01378931,151.1628058,331.2624336,13.17420911,226.0828223,226.0828223
1,1_25NW,25NW,2022,312.6873834,62.56623816,70.25077461,179.8703706,465.7980017,32.94504969,113.0885451,319.7644069,272.8611973,39.68460225,151.1628058,151.1628058
1,1_25NW,25NW,2023,404.0319509,47.94923027,48.514,307.5687206,312.6873834,62.56623816,70.25077461,179.8703706,465.7980017,32.94504969,319.7644069,319.7644069
2,2_25NW,25NW,2011,256.584057,7.225064702,49.022,200.3369923,NA,NA,NA,NA,NA,NA,NA,NA
2,2_25NW,25NW,2012,207.1981081,81.04987244,18.288,107.8602357,256.584057,7.225064702,49.022,200.3369923,NA,NA,NA,NA
2,2_25NW,25NW,2013,243.7954313,67.67092923,26.416,149.7085021,207.1981081,81.04987244,18.288,107.8602357,256.584057,7.225064702,200.3369923,200.3369923
2,2_25NW,25NW,2014,492.1821431,186.7702786,76.2,229.2118644,243.7954313,67.67092923,26.416,149.7085021,207.1981081,81.04987244,107.8602357,107.8602357
2,2_25NW,25NW,2015,402.551233,79.51098656,60.198,262.8422465,492.1821431,186.7702786,76.2,229.2118644,243.7954313,67.67092923,149.7085021,149.7085021
2,2_25NW,25NW,2016,235.2683502,58.1225004,71.374,105.7718498,402.551233,79.51098656,60.198,262.8422465,492.1821431,186.7702786,229.2118644,229.2118644
2,2_25NW,25NW,2017,302.4591597,54.91100611,55.88,191.6681536,235.2683502,58.1225004,71.374,105.7718498,402.551233,79.51098656,262.8422465,262.8422465
2,2_25NW,25NW,2018,296.0727134,83.43078128,53.34,159.3019321,302.4591597,54.91100611,55.88,191.6681536,235.2683502,58.1225004,105.7718498,105.7718498
2,2_25NW,25NW,2019,332.0486021,13.03375277,91.78176095,227.2330884,296.0727134,83.43078128,53.34,159.3019321,302.4591597,54.91100611,191.6681536,191.6681536
2,2_25NW,25NW,2020,271.8145446,37.70136123,81.96659876,152.1465846,332.0486021,13.03375277,91.78176095,227.2330884,296.0727134,83.43078128,159.3019321,159.3019321
2,2_25NW,25NW,2021,468.4726317,33.88182222,113.1406987,321.4501108,271.8145446,37.70136123,81.96659876,152.1465846,332.0486021,13.03375277,227.2330884,227.2330884
2,2_25NW,25NW,2022,310.452742,62.601588,69.93608546,177.9150686,468.4726317,33.88182222,113.1406987,321.4501108,271.8145446,37.70136123,152.1465846,152.1465846
2,2_25NW,25NW,2023,401.3833742,48.15002411,48.514,304.7193501,310.452742,62.601588,69.93608546,177.9150686,468.4726317,33.88182222,321.4501108,321.4501108
3,3_25NW,25NW,2011,253.3708342,8.012347596,49.022,196.3364866,NA,NA,NA,NA,NA,NA,NA,NA
3,3_25NW,25NW,2012,210.28839,81.95928415,18.288,110.0411059,253.3708342,8.012347596,49.022,196.3364866,NA,NA,NA,NA
3,3_25NW,25NW,2013,237.7813391,66.53776337,26.416,144.8275757,210.28839,81.95928415,18.288,110.0411059,253.3708342,8.012347596,196.3364866,196.3364866
3,3_25NW,25NW,2014,496.9903788,189.0767828,76.2,231.713596,237.7813391,66.53776337,26.416,144.8275757,210.28839,81.95928415,110.0411059,110.0411059
3,3_25NW,25NW,2015,408.3934793,80.17190259,60.198,268.0235767,496.9903788,189.0767828,76.2,231.713596,237.7813391,66.53776337,144.8275757,144.8275757
3,3_25NW,25NW,2016,237.163883,58.24838482,71.374,107.5414982,408.3934793,80.17190259,60.198,268.0235767,496.9903788,189.0767828,231.713596,231.713596
3,3_25NW,25NW,2017,296.0157013,51.52327745,55.88,188.6124239,237.163883,58.24838482,71.374,107.5414982,408.3934793,80.17190259,268.0235767,268.0235767
3,3_25NW,25NW,2018,296.3889412,84.00982252,53.34,159.0391186,296.0157013,51.52327745,55.88,188.6124239,237.163883,58.24838482,107.5414982,107.5414982
3,3_25NW,25NW,2019,336.4644029,14.12825888,90.59831293,231.7378311,296.3889412,84.00982252,53.34,159.0391186,296.0157013,51.52327745,188.6124239,188.6124239
3,3_25NW,25NW,2020,275.3157996,39.05645843,81.63056976,154.6287714,336.4644029,14.12825888,90.59831293,231.7378311,296.3889412,84.00982252,159.0391186,159.0391186
3,3_25NW,25NW,2021,467.9483765,31.276224,113.497488,323.1746645,275.3157996,39.05645843,81.63056976,154.6287714,336.4644029,14.12825888,231.7378311,231.7378311
3,3_25NW,25NW,2022,282.6303193,56.75042116,67.70903099,158.1708671,467.9483765,31.276224,113.497488,323.1746645,275.3157996,39.05645843,154.6287714,154.6287714
3,3_25NW,25NW,2023,390.7773705,45.53978421,48.514,296.7235862,282.6303193,56.75042116,67.70903099,158.1708671,467.9483765,31.276224,323.1746645,323.1746645
4,4_25NW,25NW,2011,254.7111624,7.399176762,49.022,198.2899857,NA,NA,NA,NA,NA,NA,NA,NA
4,4_25NW,25NW,2012,210.6969347,82.60442933,18.288,109.8045054,254.7111624,7.399176762,49.022,198.2899857,NA,NA,NA,NA
4,4_25NW,25NW,2013,243.6926547,67.84583939,26.416,149.4308153,210.6969347,82.60442933,18.288,109.8045054,254.7111624,7.399176762,198.2899857,198.2899857
4,4_25NW,25NW,2014,492.2250343,187.3109523,76.2,228.714082,243.6926547,67.84583939,26.416,149.4308153,210.6969347,82.60442933,109.8045054,109.8045054
4,4_25NW,25NW,2015,403.3860174,79.75513393,60.198,263.4328834,492.2250343,187.3109523,76.2,228.714082,243.6926547,67.84583939,149.4308153,149.4308153
4,4_25NW,25NW,2016,236.2007506,58.20967291,71.374,106.6170777,403.3860174,79.75513393,60.198,263.4328834,492.2250343,187.3109523,228.714082,228.714082
4,4_25NW,25NW,2017,303.293425,54.483489,55.88,192.929936,236.2007506,58.20967291,71.374,106.6170777,403.3860174,79.75513393,263.4328834,263.4328834
4,4_25NW,25NW,2018,297.187658,84.10270592,53.34,159.7449521,303.293425,54.483489,55.88,192.929936,236.2007506,58.20967291,106.6170777,106.6170777
4,4_25NW,25NW,2019,336.363237,13.99239257,90.73944694,231.6313975,297.187658,84.10270592,53.34,159.7449521,303.293425,54.483489,192.929936,192.929936
4,4_25NW,25NW,2020,273.0562854,37.46943004,81.64167447,153.9451809,336.363237,13.99239257,90.73944694,231.6313975,297.187658,84.10270592,159.7449521,159.7449521
4,4_25NW,25NW,2021,466.0020355,33.48862573,113.4172596,319.0961501,273.0562854,37.46943004,81.64167447,153.9451809,336.363237,13.99239257,231.6313975,231.6313975
4,4_25NW,25NW,2022,289.5822745,58.42003602,68.21742393,162.9448146,466.0020355,33.48862573,113.4172596,319.0961501,273.0562854,37.46943004,153.9451809,153.9451809
4,4_25NW,25NW,2023,397.5156831,46.85661686,48.514,302.1450663,289.5822745,58.42003602,68.21742393,162.9448146,466.0020355,33.48862573,319.0961501,319.0961501
1,1_25SE,25SE,2011,262.1134971,7.483575019,49.022,205.6079221,NA,NA,NA,NA,NA,NA,NA,NA
1,1_25SE,25SE,2012,202.6512531,78.03690536,18.288,106.3263478,262.1134971,7.483575019,49.022,205.6079221,NA,NA,NA,NA
1,1_25SE,25SE,2013,247.0347104,68.41625063,26.416,152.2024597,202.6512531,78.03690536,18.288,106.3263478,262.1134971,7.483575019,205.6079221,205.6079221
1,1_25SE,25SE,2014,488.7042628,183.9662887,76.2,228.5379741,247.0347104,68.41625063,26.416,152.2024597,202.6512531,78.03690536,106.3263478,106.3263478
1,1_25SE,25SE,2015,397.1098586,77.7980341,60.198,259.1138245,488.7042628,183.9662887,76.2,228.5379741,247.0347104,68.41625063,152.2024597,152.2024597
1,1_25SE,25SE,2016,231.882204,57.24804492,71.374,103.2601591,397.1098586,77.7980341,60.198,259.1138245,488.7042628,183.9662887,228.5379741,228.5379741
1,1_25SE,25SE,2017,293.8619632,49.73017592,55.88,188.2517873,231.882204,57.24804492,71.374,103.2601591,397.1098586,77.7980341,259.1138245,259.1138245
1,1_25SE,25SE,2018,291.3187658,81.24585187,53.34,156.7329139,293.8619632,49.73017592,55.88,188.2517873,231.882204,57.24804492,103.2601591,103.2601591
1,1_25SE,25SE,2019,332.0579055,16.47556989,90.42897328,225.1533623,291.3187658,81.24585187,53.34,156.7329139,293.8619632,49.73017592,188.2517873,188.2517873
1,1_25SE,25SE,2020,272.7462593,48.05293149,81.85496034,142.8383674,332.0579055,16.47556989,90.42897328,225.1533623,291.3187658,81.24585187,156.7329139,156.7329139
1,1_25SE,25SE,2021,445.3275087,28.59417027,113.2871596,303.4461789,272.7462593,48.05293149,81.85496034,142.8383674,332.0579055,16.47556989,225.1533623,225.1533623
1,1_25SE,25SE,2022,267.0572157,50.21017764,66.17200564,150.6750324,445.3275087,28.59417027,113.2871596,303.4461789,272.7462593,48.05293149,142.8383674,142.8383674
1,1_25SE,25SE,2023,396.7932139,44.8690017,48.514,303.4102122,267.0572157,50.21017764,66.17200564,150.6750324,445.3275087,28.59417027,303.4461789,303.4461789
2,2_25SE,25SE,2011,256.7490704,8.053791288,49.022,199.6732791,NA,NA,NA,NA,NA,NA,NA,NA
2,2_25SE,25SE,2012,206.7414325,78.69326676,18.288,109.7601657,256.7490704,8.053791288,49.022,199.6732791,NA,NA,NA,NA
2,2_25SE,25SE,2013,239.7272338,66.64702844,26.416,146.6642054,206.7414325,78.69326676,18.288,109.7601657,256.7490704,8.053791288,199.6732791,199.6732791
2,2_25SE,25SE,2014,494.427488,187.095972,76.2,231.131516,239.7272338,66.64702844,26.416,146.6642054,206.7414325,78.69326676,109.7601657,109.7601657
2,2_25SE,25SE,2015,404.8075218,79.02928188,60.198,265.5802399,494.427488,187.095972,76.2,231.131516,239.7272338,66.64702844,146.6642054,146.6642054
2,2_25SE,25SE,2016,234.238262,57.44636894,71.374,105.4178931,404.8075218,79.02928188,60.198,265.5802399,494.427488,187.095972,231.131516,231.131516
2,2_25SE,25SE,2017,289.647262,47.47875854,55.88,186.2885035,234.238262,57.44636894,71.374,105.4178931,404.8075218,79.02928188,265.5802399,265.5802399
2,2_25SE,25SE,2018,291.0766226,82.38828563,53.34,155.348337,289.647262,47.47875854,55.88,186.2885035,234.238262,57.44636894,105.4178931,105.4178931
2,2_25SE,25SE,2019,333.2405189,15.54715721,90.59708102,227.0962807,291.0766226,82.38828563,53.34,155.348337,289.647262,47.47875854,186.2885035,186.2885035
2,2_25SE,25SE,2020,275.5565626,46.53268495,81.90156004,147.1223176,333.2405189,15.54715721,90.59708102,227.0962807,291.0766226,82.38828563,155.348337,155.348337
2,2_25SE,25SE,2021,456.5254265,27.44621915,113.3248272,315.7543801,275.5565626,46.53268495,81.90156004,147.1223176,333.2405189,15.54715721,227.0962807,227.0962807
2,2_25SE,25SE,2022,269.0457719,51.63631875,66.51326508,150.896188,456.5254265,27.44621915,113.3248272,315.7543801,275.5565626,46.53268495,147.1223176,147.1223176
2,2_25SE,25SE,2023,389.9752442,44.40094373,48.514,297.0603005,269.0457719,51.63631875,66.51326508,150.896188,456.5254265,27.44621915,315.7543801,315.7543801
3,3_25SE,25SE,2011,253.5765166,8.356939298,49.022,196.1975774,NA,NA,NA,NA,NA,NA,NA,NA
3,3_25SE,25SE,2012,207.7921309,79.97745094,18.288,109.52668,253.5765166,8.356939298,49.022,196.1975774,NA,NA,NA,NA
3,3_25SE,25SE,2013,234.9108556,65.53452417,26.416,142.9603314,207.7921309,79.97745094,18.288,109.52668,253.5765166,8.356939298,196.1975774,196.1975774
3,3_25SE,25SE,2014,498.8346898,189.4713619,76.2,233.163328,234.9108556,65.53452417,26.416,142.9603314,207.7921309,79.97745094,109.52668,109.52668
3,3_25SE,25SE,2015,409.9276156,80.1697936,60.198,269.559822,498.8346898,189.4713619,76.2,233.163328,234.9108556,65.53452417,142.9603314,142.9603314
3,3_25SE,25SE,2016,236.5017146,57.92890195,71.374,107.1988126,409.9276156,80.1697936,60.198,269.559822,498.8346898,189.4713619,233.163328,233.163328
3,3_25SE,25SE,2017,289.6446413,48.34919849,55.88,185.4154428,236.5017146,57.92890195,71.374,107.1988126,409.9276156,80.1697936,269.559822,269.559822
3,3_25SE,25SE,2018,293.3501531,83.31294918,53.34,156.6972039,289.6446413,48.34919849,55.88,185.4154428,236.5017146,57.92890195,107.1988126,107.1988126
3,3_25SE,25SE,2019,334.8366126,14.67120151,90.71200045,229.4534107,293.3501531,83.31294918,53.34,156.6972039,289.6446413,48.34919849,185.4154428,185.4154428
3,3_25SE,25SE,2020,276.0418909,42.6135569,81.86816984,151.5601642,334.8366126,14.67120151,90.71200045,229.4534107,293.3501531,83.31294918,156.6972039,156.6972039
3,3_25SE,25SE,2021,463.2152298,28.45430475,113.4035095,321.3574155,276.0418909,42.6135569,81.86816984,151.5601642,334.8366126,14.67120151,229.4534107,229.4534107
3,3_25SE,25SE,2022,275.6813167,54.1340112,67.15675504,154.3905505,463.2152298,28.45430475,113.4035095,321.3574155,276.0418909,42.6135569,151.5601642,151.5601642
3,3_25SE,25SE,2023,388.1192401,44.63333267,48.514,294.9719075,275.6813167,54.1340112,67.15675504,154.3905505,463.2152298,28.45430475,321.3574155,321.3574155
4,4_25SE,25SE,2011,256.7464861,8.888110018,49.022,198.8363761,NA,NA,NA,NA,NA,NA,NA,NA
4,4_25SE,25SE,2012,205.4605705,80.03067763,18.288,107.1418929,256.7464861,8.888110018,49.022,198.8363761,NA,NA,NA,NA
4,4_25SE,25SE,2013,236.6218117,65.53840788,26.416,144.6674038,205.4605705,80.03067763,18.288,107.1418929,256.7464861,8.888110018,198.8363761,198.8363761
4,4_25SE,25SE,2014,497.9957708,188.780885,76.2,233.0148858,236.6218117,65.53840788,26.416,144.6674038,205.4605705,80.03067763,107.1418929,107.1418929
4,4_25SE,25SE,2015,408.1951066,79.61431585,60.198,268.3827907,497.9957708,188.780885,76.2,233.0148858,236.6218117,65.53840788,144.6674038,144.6674038
4,4_25SE,25SE,2016,235.2195194,57.68879133,71.374,106.1567281,408.1951066,79.61431585,60.198,268.3827907,497.9957708,188.780885,233.0148858,233.0148858
4,4_25SE,25SE,2017,285.7476176,45.18749962,55.88,184.680118,235.2195194,57.68879133,71.374,106.1567281,408.1951066,79.61431585,268.3827907,268.3827907
4,4_25SE,25SE,2018,290.867044,82.91967742,53.34,154.6073666,285.7476176,45.18749962,55.88,184.680118,235.2195194,57.68879133,106.1567281,106.1567281
4,4_25SE,25SE,2019,336.2351088,14.35422756,91.01260636,230.8682749,290.867044,82.91967742,53.34,154.6073666,285.7476176,45.18749962,184.680118,184.680118
4,4_25SE,25SE,2020,277.0288211,41.00640124,81.97856499,154.0438549,336.2351088,14.35422756,91.01260636,230.8682749,290.867044,82.91967742,154.6073666,154.6073666
4,4_25SE,25SE,2021,459.3564877,26.2325708,113.4985573,319.6253596,277.0288211,41.00640124,81.97856499,154.0438549,336.2351088,14.35422756,230.8682749,230.8682749
4,4_25SE,25SE,2022,271.8772503,53.2352226,67.02652216,151.6155055,459.3564877,26.2325708,113.4985573,319.6253596,277.0288211,41.00640124,154.0438549,154.0438549
4,4_25SE,25SE,2023,384.1412552,43.57597617,48.514,292.051279,271.8772503,53.2352226,67.02652216,151.6155055,459.3564877,26.2325708,319.6253596,319.6253596
1,1_26E,26E,2011,262.8685562,8.503125033,49.022,205.3434311,NA,NA,NA,NA,NA,NA,NA,NA
1,1_26E,26E,2012,210.7020861,88.01847074,18.288,104.3956154,262.8685562,8.503125033,49.022,205.3434311,NA,NA,NA,NA
1,1_26E,26E,2013,254.8387618,72.57482739,26.416,155.8479344,210.7020861,88.01847074,18.288,104.3956154,262.8685562,8.503125033,205.3434311,205.3434311
1,1_26E,26E,2014,490.7616767,189.2271212,76.2,225.3345555,254.8387618,72.57482739,26.416,155.8479344,210.7020861,88.01847074,104.3956154,104.3956154
1,1_26E,26E,2015,400.5538446,78.56472691,60.198,261.7911177,490.7616767,189.2271212,76.2,225.3345555,254.8387618,72.57482739,155.8479344,155.8479344
1,1_26E,26E,2016,236.031094,57.99668342,71.374,106.6604106,400.5538446,78.56472691,60.198,261.7911177,490.7616767,189.2271212,225.3345555,225.3345555
1,1_26E,26E,2017,302.6479887,48.68969136,55.88,198.0782973,236.031094,57.99668342,71.374,106.6604106,400.5538446,78.56472691,261.7911177,261.7911177
1,1_26E,26E,2018,299.951427,86.08373644,53.34,160.5276905,302.6479887,48.68969136,55.88,198.0782973,236.031094,57.99668342,106.6604106,106.6604106
1,1_26E,26E,2019,341.9170436,14.47412321,88.92239116,238.5205292,299.951427,86.08373644,53.34,160.5276905,302.6479887,48.68969136,198.0782973,198.0782973
1,1_26E,26E,2020,290.9019218,39.6327396,78.01185306,173.2573291,341.9170436,14.47412321,88.92239116,238.5205292,299.951427,86.08373644,160.5276905,160.5276905
1,1_26E,26E,2021,441.6902267,27.88936994,117.0495077,296.7513491,290.9019218,39.6327396,78.01185306,173.2573291,341.9170436,14.47412321,238.5205292,238.5205292
1,1_26E,26E,2022,236.0867746,47.70011997,65.34553052,123.0411241,441.6902267,27.88936994,117.0495077,296.7513491,290.9019218,39.6327396,173.2573291,173.2573291
1,1_26E,26E,2023,363.7317332,36.88424065,48.514,278.3334926,236.0867746,47.70011997,65.34553052,123.0411241,441.6902267,27.88936994,296.7513491,296.7513491
2,2_26E,26E,2011,265.4376038,8.645621418,49.022,207.7699824,NA,NA,NA,NA,NA,NA,NA,NA
2,2_26E,26E,2012,209.8914363,88.9571323,18.288,102.646304,265.4376038,8.645621418,49.022,207.7699824,NA,NA,NA,NA
2,2_26E,26E,2013,256.9492798,73.84482152,26.416,156.6884583,209.8914363,88.9571323,18.288,102.646304,265.4376038,8.645621418,207.7699824,207.7699824
2,2_26E,26E,2014,490.9989286,189.7748907,76.2,225.0240379,256.9492798,73.84482152,26.416,156.6884583,209.8914363,88.9571323,102.646304,102.646304
2,2_26E,26E,2015,401.536729,78.17703961,60.198,263.1616894,490.9989286,189.7748907,76.2,225.0240379,256.9492798,73.84482152,156.6884583,156.6884583
2,2_26E,26E,2016,235.8049323,57.87240415,71.374,106.5585281,401.536729,78.17703961,60.198,263.1616894,490.9989286,189.7748907,225.0240379,225.0240379
2,2_26E,26E,2017,300.8850931,46.73586752,55.88,198.2692256,235.8049323,57.87240415,71.374,106.5585281,401.536729,78.17703961,263.1616894,263.1616894
2,2_26E,26E,2018,300.4874755,86.62252435,53.34,160.5249512,300.8850931,46.73586752,55.88,198.2692256,235.8049323,57.87240415,106.5585281,106.5585281
2,2_26E,26E,2019,342.2784888,14.22734893,88.95437344,239.0967665,300.4874755,86.62252435,53.34,160.5249512,300.8850931,46.73586752,198.2692256,198.2692256
2,2_26E,26E,2020,294.7197473,39.24370826,78.68136997,176.7946691,342.2784888,14.22734893,88.95437344,239.0967665,300.4874755,86.62252435,160.5249512,160.5249512
2,2_26E,26E,2021,430.5445731,26.58750031,116.1211815,287.8358913,294.7197473,39.24370826,78.68136997,176.7946691,342.2784888,14.22734893,239.0967665,239.0967665
2,2_26E,26E,2022,238.6787928,48.61413846,65.57586258,124.4887918,430.5445731,26.58750031,116.1211815,287.8358913,294.7197473,39.24370826,176.7946691,176.7946691
2,2_26E,26E,2023,369.5968911,38.07208422,48.514,283.0108069,238.6787928,48.61413846,65.57586258,124.4887918,430.5445731,26.58750031,287.8358913,287.8358913
3,3_26E,26E,2011,265.8628727,8.965968819,49.022,207.8749039,NA,NA,NA,NA,NA,NA,NA,NA
3,3_26E,26E,2012,208.3869313,88.29195903,18.288,101.8069722,265.8628727,8.965968819,49.022,207.8749039,NA,NA,NA,NA
3,3_26E,26E,2013,255.3533001,72.36718196,26.416,156.5701182,208.3869313,88.29195903,18.288,101.8069722,265.8628727,8.965968819,207.8749039,207.8749039
3,3_26E,26E,2014,492.4588001,189.0304388,76.2,227.2283613,255.3533001,72.36718196,26.416,156.5701182,208.3869313,88.29195903,101.8069722,101.8069722
3,3_26E,26E,2015,402.7339393,78.31961188,60.198,264.2163274,492.4588001,189.0304388,76.2,227.2283613,255.3533001,72.36718196,156.5701182,156.5701182
3,3_26E,26E,2016,235.1877047,57.73052461,71.374,106.0831801,402.7339393,78.31961188,60.198,264.2163274,492.4588001,189.0304388,227.2283613,227.2283613
3,3_26E,26E,2017,296.1233143,44.57946477,55.88,195.6638495,235.1877047,57.73052461,71.374,106.0831801,402.7339393,78.31961188,264.2163274,264.2163274
3,3_26E,26E,2018,299.6807541,85.84644147,53.34,160.4943126,296.1233143,44.57946477,55.88,195.6638495,235.1877047,57.73052461,106.0831801,106.0831801
3,3_26E,26E,2019,342.3607398,14.07137777,89.08572254,239.2036395,299.6807541,85.84644147,53.34,160.4943126,296.1233143,44.57946477,195.6638495,195.6638495
3,3_26E,26E,2020,296.2934509,39.62920586,79.03848995,177.6257551,342.3607398,14.07137777,89.08572254,239.2036395,299.6807541,85.84644147,160.4943126,160.4943126
3,3_26E,26E,2021,433.0047274,25.70774885,115.7073519,291.5896267,296.2934509,39.62920586,79.03848995,177.6257551,342.3607398,14.07137777,239.2036395,239.2036395
3,3_26E,26E,2022,242.0301727,50.21591103,65.73066814,126.0835936,433.0047274,25.70774885,115.7073519,291.5896267,296.2934509,39.62920586,177.6257551,177.6257551
3,3_26E,26E,2023,368.4326238,38.21107353,48.514,281.7075503,242.0301727,50.21591103,65.73066814,126.0835936,433.0047274,25.70774885,291.5896267,291.5896267
4,4_26E,26E,2011,266.7596084,9.344805122,49.022,208.3928033,NA,NA,NA,NA,NA,NA,NA,NA
4,4_26E,26E,2012,206.4133718,87.38402769,18.288,100.7413441,266.7596084,9.344805122,49.022,208.3928033,NA,NA,NA,NA
4,4_26E,26E,2013,253.9404887,71.10324803,26.416,156.4212407,206.4133718,87.38402769,18.288,100.7413441,266.7596084,9.344805122,208.3928033,208.3928033
4,4_26E,26E,2014,494.0371325,188.5997584,76.2,229.2373741,253.9404887,71.10324803,26.416,156.4212407,206.4133718,87.38402769,100.7413441,100.7413441
4,4_26E,26E,2015,403.4257855,78.33649372,60.198,264.8912918,494.0371325,188.5997584,76.2,229.2373741,253.9404887,71.10324803,156.4212407,156.4212407
4,4_26E,26E,2016,234.4121326,57.56272266,71.374,105.47541,403.4257855,78.33649372,60.198,264.8912918,494.0371325,188.5997584,229.2373741,229.2373741
4,4_26E,26E,2017,291.4895526,42.42402758,55.88,193.185525,234.4121326,57.56272266,71.374,105.47541,403.4257855,78.33649372,264.8912918,264.8912918
4,4_26E,26E,2018,298.9395686,85.22859628,53.34,160.3709723,291.4895526,42.42402758,55.88,193.185525,234.4121326,57.56272266,105.47541,105.47541
4,4_26E,26E,2019,342.3224496,13.8419486,89.30929774,239.1712033,298.9395686,85.22859628,53.34,160.3709723,291.4895526,42.42402758,193.185525,193.185525
4,4_26E,26E,2020,296.434948,39.9830236,79.66937677,176.7825477,342.3224496,13.8419486,89.30929774,239.1712033,298.9395686,85.22859628,160.3709723,160.3709723
4,4_26E,26E,2021,434.4245175,25.19035014,114.9999745,294.2341929,296.434948,39.9830236,79.66937677,176.7825477,342.3224496,13.8419486,239.1712033,239.1712033
4,4_26E,26E,2022,247.4400842,51.65383756,65.97447092,129.8117757,434.4245175,25.19035014,114.9999745,294.2341929,296.434948,39.9830236,176.7825477,176.7825477
4,4_26E,26E,2023,370.2899786,39.17184896,48.514,282.6041296,247.4400842,51.65383756,65.97447092,129.8117757,434.4245175,25.19035014,294.2341929,294.2341929
1,1_26W,26W,2011,271.9810547,9.483116778,49.022,213.4759379,NA,NA,NA,NA,NA,NA,NA,NA
1,1_26W,26W,2012,206.5390653,90.89553768,18.288,97.35552764,271.9810547,9.483116778,49.022,213.4759379,NA,NA,NA,NA
1,1_26W,26W,2013,260.6707495,75.92061277,26.416,158.3341367,206.5390653,90.89553768,18.288,97.35552764,271.9810547,9.483116778,213.4759379,213.4759379
1,1_26W,26W,2014,492.8626778,191.1116606,76.2,225.5510172,260.6707495,75.92061277,26.416,158.3341367,206.5390653,90.89553768,97.35552764,97.35552764
1,1_26W,26W,2015,405.657168,76.44493371,60.198,269.0142343,492.8626778,191.1116606,76.2,225.5510172,260.6707495,75.92061277,158.3341367,158.3341367
1,1_26W,26W,2016,234.9922935,57.64650733,71.374,105.9717861,405.657168,76.44493371,60.198,269.0142343,492.8626778,191.1116606,225.5510172,225.5510172
1,1_26W,26W,2017,290.4301793,39.81254147,55.88,194.7376378,234.9922935,57.64650733,71.374,105.9717861,405.657168,76.44493371,269.0142343,269.0142343
1,1_26W,26W,2018,301.6651143,87.64347007,53.34,160.6816442,290.4301793,39.81254147,55.88,194.7376378,234.9922935,57.64650733,105.9717861,105.9717861
1,1_26W,26W,2019,336.444797,11.47029518,88.70420152,236.2703003,301.6651143,87.64347007,53.34,160.6816442,290.4301793,39.81254147,194.7376378,194.7376378
1,1_26W,26W,2020,324.0678181,44.88414902,78.99627477,200.1873943,336.444797,11.47029518,88.70420152,236.2703003,301.6651143,87.64347007,160.6816442,160.6816442
1,1_26W,26W,2021,402.1697393,25.13035769,114.8064867,262.2328949,324.0678181,44.88414902,78.99627477,200.1873943,336.444797,11.47029518,236.2703003,236.2703003
1,1_26W,26W,2022,237.4473297,58.40048852,66.83382295,112.2130182,402.1697393,25.13035769,114.8064867,262.2328949,324.0678181,44.88414902,200.1873943,200.1873943
1,1_26W,26W,2023,383.9094763,36.29888903,48.514,299.0965873,237.4473297,58.40048852,66.83382295,112.2130182,402.1697393,25.13035769,262.2328949,262.2328949
2,2_26W,26W,2011,270.6758441,9.498625111,49.022,212.155219,NA,NA,NA,NA,NA,NA,NA,NA
2,2_26W,26W,2012,207.9411943,90.42040306,18.288,99.23279119,270.6758441,9.498625111,49.022,212.155219,NA,NA,NA,NA
2,2_26W,26W,2013,259.9334249,75.65205777,26.416,157.8653671,207.9411943,90.42040306,18.288,99.23279119,270.6758441,9.498625111,212.155219,212.155219
2,2_26W,26W,2014,491.9658788,190.6755961,76.2,225.0902827,259.9334249,75.65205777,26.416,157.8653671,207.9411943,90.42040306,99.23279119,99.23279119
2,2_26W,26W,2015,404.3999909,77.11298357,60.198,267.0890074,491.9658788,190.6755961,76.2,225.0902827,259.9334249,75.65205777,157.8653671,157.8653671
2,2_26W,26W,2016,235.2131416,57.69233334,71.374,106.1468083,404.3999909,77.11298357,60.198,267.0890074,491.9658788,190.6755961,225.0902827,225.0902827
2,2_26W,26W,2017,293.6253826,42.20071633,55.88,195.5446662,235.2131416,57.69233334,71.374,106.1468083,404.3999909,77.11298357,267.0890074,267.0890074
2,2_26W,26W,2018,301.3679979,87.43437138,53.34,160.5936266,293.6253826,42.20071633,55.88,195.5446662,235.2131416,57.69233334,106.1468083,106.1468083
2,2_26W,26W,2019,339.5186795,12.32527858,88.94814527,238.2452557,301.3679979,87.43437138,53.34,160.5936266,293.6253826,42.20071633,195.5446662,195.5446662
2,2_26W,26W,2020,312.8674143,42.73573464,79.3447443,190.7869353,339.5186795,12.32527858,88.94814527,238.2452557,301.3679979,87.43437138,160.5936266,160.5936266
2,2_26W,26W,2021,412.4629121,25.12710002,114.6447382,272.6910739,312.8674143,42.73573464,79.3447443,190.7869353,339.5186795,12.32527858,238.2452557,238.2452557
2,2_26W,26W,2022,240.0151061,55.63528207,66.51825729,117.8615668,412.4629121,25.12710002,114.6447382,272.6910739,312.8674143,42.73573464,190.7869353,190.7869353
2,2_26W,26W,2023,381.0719741,37.55506849,48.514,295.0029056,240.0151061,55.63528207,66.51825729,117.8615668,412.4629121,25.12710002,272.6910739,272.6910739
3,3_26W,26W,2011,271.0084288,9.751702719,49.022,212.2347261,NA,NA,NA,NA,NA,NA,NA,NA
3,3_26W,26W,2012,206.1871782,89.54328667,18.288,98.35589151,271.0084288,9.751702719,49.022,212.2347261,NA,NA,NA,NA
3,3_26W,26W,2013,258.5672306,74.123406,26.416,158.0278246,206.1871782,89.54328667,18.288,98.35589151,271.0084288,9.751702719,212.2347261,212.2347261
3,3_26W,26W,2014,493.4000427,189.7649318,76.2,227.4351109,258.5672306,74.123406,26.416,158.0278246,206.1871782,89.54328667,98.35589151,98.35589151
3,3_26W,26W,2015,404.0732704,77.04693404,60.198,266.8283364,493.4000427,189.7649318,76.2,227.4351109,258.5672306,74.123406,158.0278246,158.0278246
3,3_26W,26W,2016,234.5203891,57.55115976,71.374,105.5952293,404.0732704,77.04693404,60.198,266.8283364,493.4000427,189.7649318,227.4351109,227.4351109
3,3_26W,26W,2017,292.3681203,40.38106854,55.88,196.1070518,234.5203891,57.55115976,71.374,105.5952293,404.0732704,77.04693404,266.8283364,266.8283364
3,3_26W,26W,2018,300.471316,86.62337868,53.34,160.5079373,292.3681203,40.38106854,55.88,196.1070518,234.5203891,57.55115976,105.5952293,105.5952293
3,3_26W,26W,2019,340.254478,12.60818323,89.10464689,238.5416478,300.471316,86.62337868,53.34,160.5079373,292.3681203,40.38106854,196.1070518,196.1070518
3,3_26W,26W,2020,311.2830599,42.40759996,79.484439,189.391021,340.254478,12.60818323,89.10464689,238.5416478,300.471316,86.62337868,160.5079373,160.5079373
3,3_26W,26W,2021,416.112921,24.62090749,114.6155905,276.8764229,311.2830599,42.40759996,79.484439,189.391021,340.254478,12.60818323,238.5416478,238.5416478
3,3_26W,26W,2022,241.785878,55.11194683,66.39881039,120.2751208,416.112921,24.62090749,114.6155905,276.8764229,311.2830599,42.40759996,189.391021,189.391021
3,3_26W,26W,2023,377.1429239,37.90963393,48.514,290.7192899,241.785878,55.11194683,66.39881039,120.2751208,416.112921,24.62090749,276.8764229,276.8764229
4,4_26W,26W,2011,271.525356,9.828078977,49.022,212.675277,NA,NA,NA,NA,NA,NA,NA,NA
4,4_26W,26W,2012,204.2549102,88.55984779,18.288,97.40706242,271.525356,9.828078977,49.022,212.675277,NA,NA,NA,NA
4,4_26W,26W,2013,257.2411166,72.71619138,26.416,158.1089252,204.2549102,88.55984779,18.288,97.40706242,271.525356,9.828078977,212.675277,212.675277
4,4_26W,26W,2014,494.7450347,189.0792707,76.2,229.465764,257.2411166,72.71619138,26.416,158.1089252,204.2549102,88.55984779,97.40706242,97.40706242
4,4_26W,26W,2015,403.7430979,77.0966497,60.198,266.4484482,494.7450347,189.0792707,76.2,229.465764,257.2411166,72.71619138,158.1089252,158.1089252
4,4_26W,26W,2016,233.7640278,57.38837856,71.374,105.0016492,403.7430979,77.0966497,60.198,266.4484482,494.7450347,189.0792707,229.465764,229.465764
4,4_26W,26W,2017,290.2817687,38.48429173,55.88,195.917477,233.7640278,57.38837856,71.374,105.0016492,403.7430979,77.0966497,266.4484482,266.4484482
4,4_26W,26W,2018,299.7101181,85.97716448,53.34,160.3929536,290.2817687,38.48429173,55.88,195.917477,233.7640278,57.38837856,105.0016492,105.0016492
4,4_26W,26W,2019,341.4677977,12.99335242,89.38914255,239.0853027,299.7101181,85.97716448,53.34,160.3929536,290.2817687,38.48429173,195.917477,195.917477
4,4_26W,26W,2020,306.8045469,41.82183867,79.78574919,185.196959,341.4677977,12.99335242,89.38914255,239.0853027,299.7101181,85.97716448,160.3929536,160.3929536
4,4_26W,26W,2021,417.5273298,24.50043471,114.4787756,278.5481195,306.8045469,41.82183867,79.78574919,185.196959,341.4677977,12.99335242,239.0853027,239.0853027
4,4_26W,26W,2022,245.0678224,53.63670994,66.2359865,125.1951259,417.5273298,24.50043471,114.4787756,278.5481195,306.8045469,41.82183867,185.196959,185.196959
4,4_26W,26W,2023,375.4802204,39.0117439,48.514,287.9544765,245.0678224,53.63670994,66.2359865,125.1951259,417.5273298,24.50043471,278.5481195,278.5481195
1,1_31E,31E,2011,276.0441742,7.402035707,49.022,219.6201385,NA,NA,NA,NA,NA,NA,NA,NA
1,1_31E,31E,2012,206.8271331,78.20566536,18.288,110.3334677,276.0441742,7.402035707,49.022,219.6201385,NA,NA,NA,NA
1,1_31E,31E,2013,250.5635405,70.5660161,26.416,153.5815244,206.8271331,78.20566536,18.288,110.3334677,276.0441742,7.402035707,219.6201385,219.6201385
1,1_31E,31E,2014,461.2603873,167.7613209,76.2,217.2990663,250.5635405,70.5660161,26.416,153.5815244,206.8271331,78.20566536,110.3334677,110.3334677
1,1_31E,31E,2015,390.5103235,69.91790775,60.198,260.3944158,461.2603873,167.7613209,76.2,217.2990663,250.5635405,70.5660161,153.5815244,153.5815244
1,1_31E,31E,2016,220.7829321,54.32497503,71.374,95.08395709,390.5103235,69.91790775,60.198,260.3944158,461.2603873,167.7613209,217.2990663,217.2990663
1,1_31E,31E,2017,282.649287,46.26275101,55.88,180.506536,220.7829321,54.32497503,71.374,95.08395709,390.5103235,69.91790775,260.3944158,260.3944158
1,1_31E,31E,2018,277.3404989,75.08937336,53.34,148.9111255,282.649287,46.26275101,55.88,180.506536,220.7829321,54.32497503,95.08395709,95.08395709
1,1_31E,31E,2019,335.094293,13.91375984,95.33116475,225.8493684,277.3404989,75.08937336,53.34,148.9111255,282.649287,46.26275101,180.506536,180.506536
1,1_31E,31E,2020,283.1427519,38.4540507,85.16123457,159.5274666,335.094293,13.91375984,95.33116475,225.8493684,277.3404989,75.08937336,148.9111255,148.9111255
1,1_31E,31E,2021,428.3232346,25.92915838,113.2629655,289.1311107,283.1427519,38.4540507,85.16123457,159.5274666,335.094293,13.91375984,225.8493684,225.8493684
1,1_31E,31E,2022,275.1257132,45.71517017,66.84526597,162.5652771,428.3232346,25.92915838,113.2629655,289.1311107,283.1427519,38.4540507,159.5274666,159.5274666
1,1_31E,31E,2023,413.611447,43.04142674,48.514,322.0560202,275.1257132,45.71517017,66.84526597,162.5652771,428.3232346,25.92915838,289.1311107,289.1311107
2,2_31E,31E,2011,274.7173362,7.308115288,49.022,218.3872209,NA,NA,NA,NA,NA,NA,NA,NA
2,2_31E,31E,2012,207.3276959,78.52550265,18.288,110.5141932,274.7173362,7.308115288,49.022,218.3872209,NA,NA,NA,NA
2,2_31E,31E,2013,244.9466423,69.34563405,26.416,149.1850083,207.3276959,78.52550265,18.288,110.5141932,274.7173362,7.308115288,218.3872209,218.3872209
2,2_31E,31E,2014,457.0155592,165.3184164,76.2,215.4971428,244.9466423,69.34563405,26.416,149.1850083,207.3276959,78.52550265,110.5141932,110.5141932
2,2_31E,31E,2015,399.2899841,69.00825498,60.198,270.0837291,457.0155592,165.3184164,76.2,215.4971428,244.9466423,69.34563405,149.1850083,149.1850083
2,2_31E,31E,2016,219.5625708,54.12169606,71.374,94.06687476,399.2899841,69.00825498,60.198,270.0837291,457.0155592,165.3184164,215.4971428,215.4971428
2,2_31E,31E,2017,280.5887671,47.11169491,55.88,177.5970722,219.5625708,54.12169606,71.374,94.06687476,399.2899841,69.00825498,270.0837291,270.0837291
2,2_31E,31E,2018,277.3044578,73.62849989,53.34,150.3359579,280.5887671,47.11169491,55.88,177.5970722,219.5625708,54.12169606,94.06687476,94.06687476
2,2_31E,31E,2019,334.5717756,14.17884685,96.88670453,223.5062243,277.3044578,73.62849989,53.34,150.3359579,280.5887671,47.11169491,177.5970722,177.5970722
2,2_31E,31E,2020,285.0941927,38.89674839,86.2973428,159.9001015,334.5717756,14.17884685,96.88670453,223.5062243,277.3044578,73.62849989,150.3359579,150.3359579
2,2_31E,31E,2021,435.6775565,26.50246865,113.2894127,295.8856751,285.0941927,38.89674839,86.2973428,159.9001015,334.5717756,14.17884685,223.5062243,223.5062243
2,2_31E,31E,2022,273.0955609,44.85681315,66.61493017,161.6238176,435.6775565,26.50246865,113.2894127,295.8856751,285.0941927,38.89674839,159.9001015,159.9001015
2,2_31E,31E,2023,418.1948152,43.15563244,48.514,326.5251828,273.0955609,44.85681315,66.61493017,161.6238176,435.6775565,26.50246865,295.8856751,295.8856751
3,3_31E,31E,2011,273.8074047,7.843021285,49.022,216.9423835,NA,NA,NA,NA,NA,NA,NA,NA
3,3_31E,31E,2012,206.2985045,79.34501931,18.288,108.6654852,273.8074047,7.843021285,49.022,216.9423835,NA,NA,NA,NA
3,3_31E,31E,2013,243.7175823,68.34491227,26.416,148.9566701,206.2985045,79.34501931,18.288,108.6654852,273.8074047,7.843021285,216.9423835,216.9423835
3,3_31E,31E,2014,460.7408635,166.3779381,76.2,218.1629254,243.7175823,68.34491227,26.416,148.9566701,206.2985045,79.34501931,108.6654852,108.6654852
3,3_31E,31E,2015,401.6513721,69.67824201,60.198,271.7751301,460.7408635,166.3779381,76.2,218.1629254,243.7175823,68.34491227,148.9566701,148.9566701
3,3_31E,31E,2016,219.5841415,54.07953284,71.374,94.13060863,401.6513721,69.67824201,60.198,271.7751301,460.7408635,166.3779381,218.1629254,218.1629254
3,3_31E,31E,2017,279.5923351,46.25869565,55.88,177.4536394,219.5841415,54.07953284,71.374,94.13060863,401.6513721,69.67824201,271.7751301,271.7751301
3,3_31E,31E,2018,275.0059375,74.21084181,53.34,147.4550957,279.5923351,46.25869565,55.88,177.4536394,219.5841415,54.07953284,94.13060863,94.13060863
3,3_31E,31E,2019,337.2507504,13.65484815,101.7092075,221.8866947,275.0059375,74.21084181,53.34,147.4550957,279.5923351,46.25869565,177.4536394,177.4536394
3,3_31E,31E,2020,288.2055594,40.41582319,88.98531246,158.8044238,337.2507504,13.65484815,101.7092075,221.8866947,275.0059375,74.21084181,147.4550957,147.4550957
3,3_31E,31E,2021,430.8060735,27.59723989,113.5878137,289.6210199,288.2055594,40.41582319,88.98531246,158.8044238,337.2507504,13.65484815,221.8866947,221.8866947
3,3_31E,31E,2022,266.293623,44.47199662,66.23603464,155.5855917,430.8060735,27.59723989,113.5878137,289.6210199,288.2055594,40.41582319,158.8044238,158.8044238
3,3_31E,31E,2023,413.1405094,43.49728192,48.514,321.1292275,266.293623,44.47199662,66.23603464,155.5855917,430.8060735,27.59723989,289.6210199,289.6210199
4,4_31E,31E,2011,273.7737517,8.053720023,49.022,216.6980317,NA,NA,NA,NA,NA,NA,NA,NA
4,4_31E,31E,2012,205.2410079,79.72975118,18.288,107.2232568,273.7737517,8.053720023,49.022,216.6980317,NA,NA,NA,NA
4,4_31E,31E,2013,241.7579736,67.14604278,26.416,148.1959309,205.2410079,79.72975118,18.288,107.2232568,273.7737517,8.053720023,216.6980317,216.6980317
4,4_31E,31E,2014,462.7481726,167.1742976,76.2,219.373875,241.7579736,67.14604278,26.416,148.1959309,205.2410079,79.72975118,107.2232568,107.2232568
4,4_31E,31E,2015,404.3596377,70.0445317,60.198,274.117106,462.7481726,167.1742976,76.2,219.373875,241.7579736,67.14604278,148.1959309,148.1959309
4,4_31E,31E,2016,218.2646684,53.65469023,71.374,93.2359782,404.3596377,70.0445317,60.198,274.117106,462.7481726,167.1742976,219.373875,219.373875
4,4_31E,31E,2017,279.286409,45.59700506,55.88,177.809404,218.2646684,53.65469023,71.374,93.2359782,404.3596377,70.0445317,274.117106,274.117106
4,4_31E,31E,2018,275.7836944,74.23063472,53.34,148.2130597,279.286409,45.59700506,55.88,177.809404,218.2646684,53.65469023,93.2359782,93.2359782
4,4_31E,31E,2019,338.3675338,13.8092277,106.8863016,217.6720044,275.7836944,74.23063472,53.34,148.2130597,279.286409,45.59700506,177.809404,177.809404
4,4_31E,31E,2020,291.0411087,41.90354126,92.40163533,156.7359321,338.3675338,13.8092277,106.8863016,217.6720044,275.7836944,74.23063472,148.2130597,148.2130597
4,4_31E,31E,2021,439.9950121,28.85413903,113.7744673,297.3664058,291.0411087,41.90354126,92.40163533,156.7359321,338.3675338,13.8092277,217.6720044,217.6720044
4,4_31E,31E,2022,259.4666125,42.86893082,65.6698924,150.9277893,439.9950121,28.85413903,113.7744673,297.3664058,291.0411087,41.90354126,156.7359321,156.7359321
4,4_31E,31E,2023,413.7187093,43.77369993,48.514,321.4310094,259.4666125,42.86893082,65.6698924,150.9277893,439.9950121,28.85413903,297.3664058,297.3664058
1,1_31W,31W,2011,273.9973626,9.195869427,49.022,215.7794932,NA,NA,NA,NA,NA,NA,NA,NA
1,1_31W,31W,2012,202.1610879,79.31231237,18.288,104.5607756,273.9973626,9.195869427,49.022,215.7794932,NA,NA,NA,NA
1,1_31W,31W,2013,250.3666475,68.37471062,26.416,155.5759369,202.1610879,79.31231237,18.288,104.5607756,273.9973626,9.195869427,215.7794932,215.7794932
1,1_31W,31W,2014,479.1388659,176.9850953,76.2,225.9537706,250.3666475,68.37471062,26.416,155.5759369,202.1610879,79.31231237,104.5607756,104.5607756
1,1_31W,31W,2015,393.5618028,74.04045089,60.198,259.3233519,479.1388659,176.9850953,76.2,225.9537706,250.3666475,68.37471062,155.5759369,155.5759369
1,1_31W,31W,2016,223.9002939,55.07434609,71.374,97.4519478,393.5618028,74.04045089,60.198,259.3233519,479.1388659,176.9850953,225.9537706,225.9537706
1,1_31W,31W,2017,284.996443,44.14852787,55.88,184.9679152,223.9002939,55.07434609,71.374,97.4519478,393.5618028,74.04045089,259.3233519,259.3233519
1,1_31W,31W,2018,268.1261731,78.83191872,53.34,135.9542544,284.996443,44.14852787,55.88,184.9679152,223.9002939,55.07434609,97.4519478,97.4519478
1,1_31W,31W,2019,343.2815113,10.8134074,104.3422827,228.1258212,268.1261731,78.83191872,53.34,135.9542544,284.996443,44.14852787,184.9679152,184.9679152
1,1_31W,31W,2020,273.1093896,38.42075681,84.55730404,150.1313287,343.2815113,10.8134074,104.3422827,228.1258212,268.1261731,78.83191872,135.9542544,135.9542544
1,1_31W,31W,2021,425.8821452,25.36304494,113.9882598,286.5308405,273.1093896,38.42075681,84.55730404,150.1313287,343.2815113,10.8134074,228.1258212,228.1258212
1,1_31W,31W,2022,279.8554866,51.20192368,68.23998093,160.413582,425.8821452,25.36304494,113.9882598,286.5308405,273.1093896,38.42075681,150.1313287,150.1313287
1,1_31W,31W,2023,388.2162656,45.32026638,48.514,294.3819992,279.8554866,51.20192368,68.23998093,160.413582,425.8821452,25.36304494,286.5308405,286.5308405
2,2_31W,31W,2011,274.061485,8.570018267,49.022,216.4694668,NA,NA,NA,NA,NA,NA,NA,NA
2,2_31W,31W,2012,203.9929893,78.62412876,18.288,107.0808606,274.061485,8.570018267,49.022,216.4694668,NA,NA,NA,NA
2,2_31W,31W,2013,251.5336174,69.32742215,26.416,155.7901953,203.9929893,78.62412876,18.288,107.0808606,274.061485,8.570018267,216.4694668,216.4694668
2,2_31W,31W,2014,474.9178872,175.1732473,76.2,223.5446399,251.5336174,69.32742215,26.416,155.7901953,203.9929893,78.62412876,107.0808606,107.0808606
2,2_31W,31W,2015,390.7107922,73.08702997,60.198,257.4257622,474.9178872,175.1732473,76.2,223.5446399,251.5336174,69.32742215,155.7901953,155.7901953
2,2_31W,31W,2016,223.7931744,55.09362943,71.374,97.32554497,390.7107922,73.08702997,60.198,257.4257622,474.9178872,175.1732473,223.5446399,223.5446399
2,2_31W,31W,2017,285.7961899,44.67229189,55.88,185.243898,223.7931744,55.09362943,71.374,97.32554497,390.7107922,73.08702997,257.4257622,257.4257622
2,2_31W,31W,2018,270.9514284,78.01485921,53.34,139.5965692,285.7961899,44.67229189,55.88,185.243898,223.7931744,55.09362943,97.32554497,97.32554497
2,2_31W,31W,2019,339.8850284,11.88394789,99.32911955,228.6719609,270.9514284,78.01485921,53.34,139.5965692,285.7961899,44.67229189,185.243898,185.243898
2,2_31W,31W,2020,277.4947483,39.0179075,84.4251619,154.0516789,339.8850284,11.88394789,99.32911955,228.6719609,270.9514284,78.01485921,139.5965692,139.5965692
2,2_31W,31W,2021,426.914938,24.96719671,113.7153089,288.2324324,277.4947483,39.0179075,84.4251619,154.0516789,339.8850284,11.88394789,228.6719609,228.6719609
2,2_31W,31W,2022,277.112179,49.43861537,67.5866503,160.0869133,426.914938,24.96719671,113.7153089,288.2324324,277.4947483,39.0179075,154.0516789,154.0516789
2,2_31W,31W,2023,395.1891796,43.99066538,48.514,302.6845142,277.112179,49.43861537,67.5866503,160.0869133,426.914938,24.96719671,288.2324324,288.2324324
3,3_31W,31W,2011,275.2265197,8.066338067,49.022,218.1381817,NA,NA,NA,NA,NA,NA,NA,NA
3,3_31W,31W,2012,205.0524953,78.45820851,18.288,108.3062868,275.2265197,8.066338067,49.022,218.1381817,NA,NA,NA,NA
3,3_31W,31W,2013,251.7282075,69.86354771,26.416,155.4486597,205.0524953,78.45820851,18.288,108.3062868,275.2265197,8.066338067,218.1381817,218.1381817
3,3_31W,31W,2014,469.8859199,172.235152,76.2,221.4507679,251.7282075,69.86354771,26.416,155.4486597,205.0524953,78.45820851,108.3062868,108.3062868
3,3_31W,31W,2015,389.754722,71.9059075,60.198,257.6508145,469.8859199,172.235152,76.2,221.4507679,251.7282075,69.86354771,155.4486597,155.4486597
3,3_31W,31W,2016,222.6971471,54.83037075,71.374,96.49277637,389.754722,71.9059075,60.198,257.6508145,469.8859199,172.235152,221.4507679,221.4507679
3,3_31W,31W,2017,285.8358204,45.07915677,55.88,184.8766637,222.6971471,54.83037075,71.374,96.49277637,389.754722,71.9059075,257.6508145,257.6508145
3,3_31W,31W,2018,273.202202,77.05515102,53.34,142.807051,285.8358204,45.07915677,55.88,184.8766637,222.6971471,54.83037075,96.49277637,96.49277637
3,3_31W,31W,2019,338.3628602,12.6338321,97.27105409,228.457974,273.202202,77.05515102,53.34,142.807051,285.8358204,45.07915677,184.8766637,184.8766637
3,3_31W,31W,2020,280.7577253,39.07872989,84.72492381,156.9540716,338.3628602,12.6338321,97.27105409,228.457974,273.202202,77.05515102,142.807051,142.807051
3,3_31W,31W,2021,425.4081228,25.29153951,113.550032,286.5665513,280.7577253,39.07872989,84.72492381,156.9540716,338.3628602,12.6338321,228.457974,228.457974
3,3_31W,31W,2022,275.4676045,47.91403154,67.21716975,160.3364032,425.4081228,25.29153951,113.550032,286.5665513,280.7577253,39.07872989,156.9540716,156.9540716
3,3_31W,31W,2023,401.9533491,43.47664443,48.514,309.9627046,275.4676045,47.91403154,67.21716975,160.3364032,425.4081228,25.29153951,286.5665513,286.5665513
4,4_31W,31W,2011,275.1246881,9.129613003,49.022,216.9730751,NA,NA,NA,NA,NA,NA,NA,NA
4,4_31W,31W,2012,202.4631185,80.49705931,18.288,103.6780592,275.1246881,9.129613003,49.022,216.9730751,NA,NA,NA,NA
4,4_31W,31W,2013,248.6308498,67.91584176,26.416,154.2990081,202.4631185,80.49705931,18.288,103.6780592,275.1246881,9.129613003,216.9730751,216.9730751
4,4_31W,31W,2014,475.2226835,173.0370765,76.2,225.985607,248.6308498,67.91584176,26.416,154.2990081,202.4631185,80.49705931,103.6780592,103.6780592
4,4_31W,31W,2015,396.8886083,72.68816817,60.198,264.0024401,475.2226835,173.0370765,76.2,225.985607,248.6308498,67.91584176,154.2990081,154.2990081
4,4_31W,31W,2016,219.9058196,53.70137845,71.374,94.83044115,396.8886083,72.68816817,60.198,264.0024401,475.2226835,173.0370765,225.985607,225.985607
4,4_31W,31W,2017,280.709204,42.65950585,55.88,182.1696982,219.9058196,53.70137845,71.374,94.83044115,396.8886083,72.68816817,264.0024401,264.0024401
4,4_31W,31W,2018,273.3569065,77.52649537,53.34,142.4904112,280.709204,42.65950585,55.88,182.1696982,219.9058196,53.70137845,94.83044115,94.83044115
4,4_31W,31W,2019,339.4614738,12.5142523,100.3378735,226.609348,273.3569065,77.52649537,53.34,142.4904112,280.709204,42.65950585,182.1696982,182.1696982
4,4_31W,31W,2020,284.3854419,40.38585175,86.79574121,157.2038489,339.4614738,12.5142523,100.3378735,226.609348,273.3569065,77.52649537,142.4904112,142.4904112
4,4_31W,31W,2021,436.0394378,26.38282558,113.6813381,295.9752741,284.3854419,40.38585175,86.79574121,157.2038489,339.4614738,12.5142523,226.609348,226.609348
4,4_31W,31W,2022,270.1686942,46.63248826,66.76150138,156.7747045,436.0394378,26.38282558,113.6813381,295.9752741,284.3854419,40.38585175,157.2038489,157.2038489
4,4_31W,31W,2023,398.3686154,44.1631474,48.514,305.691468,270.1686942,46.63248826,66.76150138,156.7747045,436.0394378,26.38282558,295.9752741,295.9752741
1,1_5E,5E,2011,290.5987363,7.207631008,49.022,234.3691052,NA,NA,NA,NA,NA,NA,NA,NA
1,1_5E,5E,2012,222.9675507,85.74907159,18.288,118.9304792,290.5987363,7.207631008,49.022,234.3691052,NA,NA,NA,NA
1,1_5E,5E,2013,288.6758908,73.48299497,26.416,188.7768958,222.9675507,85.74907159,18.288,118.9304792,290.5987363,7.207631008,234.3691052,234.3691052
1,1_5E,5E,2014,424.5720618,162.5525473,76.2,185.8195144,288.6758908,73.48299497,26.416,188.7768958,222.9675507,85.74907159,118.9304792,118.9304792
1,1_5E,5E,2015,385.7445757,65.67099858,60.198,259.8755771,424.5720618,162.5525473,76.2,185.8195144,288.6758908,73.48299497,188.7768958,188.7768958
1,1_5E,5E,2016,246.0750592,63.26800912,71.374,111.4330501,385.7445757,65.67099858,60.198,259.8755771,424.5720618,162.5525473,185.8195144,185.8195144
1,1_5E,5E,2017,328.3231353,91.71724915,55.88,180.7258862,246.0750592,63.26800912,71.374,111.4330501,385.7445757,65.67099858,259.8755771,259.8755771
1,1_5E,5E,2018,326.5533333,86.39568075,53.34,186.8176525,328.3231353,91.71724915,55.88,180.7258862,246.0750592,63.26800912,111.4330501,111.4330501
1,1_5E,5E,2019,350.373965,22.32593371,71.03058297,257.0174483,326.5533333,86.39568075,53.34,186.8176525,328.3231353,91.71724915,180.7258862,180.7258862
1,1_5E,5E,2020,288.6440702,56.06824299,76.73399097,155.8418363,350.373965,22.32593371,71.03058297,257.0174483,326.5533333,86.39568075,186.8176525,186.8176525
1,1_5E,5E,2021,369.1014071,21.92036711,112.2725407,234.9084993,288.6440702,56.06824299,76.73399097,155.8418363,350.373965,22.32593371,257.0174483,257.0174483
1,1_5E,5E,2022,274.2390394,36.86500767,64.6954987,172.678533,369.1014071,21.92036711,112.2725407,234.9084993,288.6440702,56.06824299,155.8418363,155.8418363
1,1_5E,5E,2023,475.1881564,63.00743378,48.514,363.6667226,274.2390394,36.86500767,64.6954987,172.678533,369.1014071,21.92036711,234.9084993,234.9084993
2,2_5E,5E,2011,290.0123903,7.365603194,49.022,233.6247871,NA,NA,NA,NA,NA,NA,NA,NA
2,2_5E,5E,2012,224.3575574,84.44084308,18.288,121.6287143,290.0123903,7.365603194,49.022,233.6247871,NA,NA,NA,NA
2,2_5E,5E,2013,289.7218762,74.85190628,26.416,188.4539699,224.3575574,84.44084308,18.288,121.6287143,290.0123903,7.365603194,233.6247871,233.6247871
2,2_5E,5E,2014,422.6685373,162.168563,76.2,184.2999744,289.7218762,74.85190628,26.416,188.4539699,224.3575574,84.44084308,121.6287143,121.6287143
2,2_5E,5E,2015,387.8531558,66.06796827,60.198,261.5871875,422.6685373,162.168563,76.2,184.2999744,289.7218762,74.85190628,188.4539699,188.4539699
2,2_5E,5E,2016,244.8965744,63.09602979,71.374,110.4265446,387.8531558,66.06796827,60.198,261.5871875,422.6685373,162.168563,184.2999744,184.2999744
2,2_5E,5E,2017,334.0694479,97.38379849,55.88,180.8056494,244.8965744,63.09602979,71.374,110.4265446,387.8531558,66.06796827,261.5871875,261.5871875
2,2_5E,5E,2018,326.3179291,85.08760858,53.34,187.8903205,334.0694479,97.38379849,55.88,180.8056494,244.8965744,63.09602979,110.4265446,110.4265446
2,2_5E,5E,2019,349.2353852,22.66069827,72.97489491,253.599792,326.3179291,85.08760858,53.34,187.8903205,334.0694479,97.38379849,180.8056494,180.8056494
2,2_5E,5E,2020,290.1735707,51.56396856,78.02500081,160.5846013,349.2353852,22.66069827,72.97489491,253.599792,326.3179291,85.08760858,187.8903205,187.8903205
2,2_5E,5E,2021,376.2442329,22.85174519,112.5041574,240.8883304,290.1735707,51.56396856,78.02500081,160.5846013,349.2353852,22.66069827,253.599792,253.599792
2,2_5E,5E,2022,277.6187081,37.68994902,65.32362032,174.6051388,376.2442329,22.85174519,112.5041574,240.8883304,290.1735707,51.56396856,160.5846013,160.5846013
2,2_5E,5E,2023,477.1271375,59.07696615,48.514,369.5361714,277.6187081,37.68994902,65.32362032,174.6051388,376.2442329,22.85174519,240.8883304,240.8883304
3,3_5E,5E,2011,289.8094675,7.222217501,49.022,233.56525,NA,NA,NA,NA,NA,NA,NA,NA
3,3_5E,5E,2012,221.3050368,83.27193517,18.288,119.7451016,289.8094675,7.222217501,49.022,233.56525,NA,NA,NA,NA
3,3_5E,5E,2013,293.2405381,72.70904646,26.416,194.1154916,221.3050368,83.27193517,18.288,119.7451016,289.8094675,7.222217501,233.56525,233.56525
3,3_5E,5E,2014,419.86531,158.2144628,76.2,185.4508472,293.2405381,72.70904646,26.416,194.1154916,221.3050368,83.27193517,119.7451016,119.7451016
3,3_5E,5E,2015,393.7268339,65.56522461,60.198,267.9636093,419.86531,158.2144628,76.2,185.4508472,293.2405381,72.70904646,194.1154916,194.1154916
3,3_5E,5E,2016,245.0075232,63.60035659,71.374,110.0331666,393.7268339,65.56522461,60.198,267.9636093,419.86531,158.2144628,185.4508472,185.4508472
3,3_5E,5E,2017,332.0426138,98.9136343,55.88,177.2489795,245.0075232,63.60035659,71.374,110.0331666,393.7268339,65.56522461,267.9636093,267.9636093
3,3_5E,5E,2018,326.7953042,79.99182312,53.34,193.4634811,332.0426138,98.9136343,55.88,177.2489795,245.0075232,63.60035659,110.0331666,110.0331666
3,3_5E,5E,2019,349.2027307,24.43260927,73.58220522,251.1879162,326.7953042,79.99182312,53.34,193.4634811,332.0426138,98.9136343,177.2489795,177.2489795
3,3_5E,5E,2020,292.8796097,50.84359462,78.44524892,163.5907662,349.2027307,24.43260927,73.58220522,251.1879162,326.7953042,79.99182312,193.4634811,193.4634811
3,3_5E,5E,2021,373.1818742,24.78561689,112.4929311,235.9033263,292.8796097,50.84359462,78.44524892,163.5907662,349.2027307,24.43260927,251.1879162,251.1879162
3,3_5E,5E,2022,278.0639958,38.31065349,65.56556065,174.1877817,373.1818742,24.78561689,112.4929311,235.9033263,292.8796097,50.84359462,163.5907662,163.5907662
3,3_5E,5E,2023,476.5775641,57.17982878,48.514,370.8837353,278.0639958,38.31065349,65.56556065,174.1877817,373.1818742,24.78561689,235.9033263,235.9033263
4,4_5E,5E,2011,287.5941963,6.946293512,49.022,231.6259027,NA,NA,NA,NA,NA,NA,NA,NA
4,4_5E,5E,2012,221.0159993,83.99170973,18.288,118.7362896,287.5941963,6.946293512,49.022,231.6259027,NA,NA,NA,NA
4,4_5E,5E,2013,291.5930769,70.76395703,26.416,194.4131199,221.0159993,83.99170973,18.288,118.7362896,287.5941963,6.946293512,231.6259027,231.6259027
4,4_5E,5E,2014,424.5638869,160.6654771,76.2,187.6984097,291.5930769,70.76395703,26.416,194.4131199,221.0159993,83.99170973,118.7362896,118.7362896
4,4_5E,5E,2015,391.7430799,64.98529253,60.198,266.5597873,424.5638869,160.6654771,76.2,187.6984097,291.5930769,70.76395703,194.4131199,194.4131199
4,4_5E,5E,2016,245.8996357,63.81518646,71.374,110.7104492,391.7430799,64.98529253,60.198,266.5597873,424.5638869,160.6654771,187.6984097,187.6984097
4,4_5E,5E,2017,327.5573439,93.48335208,55.88,178.1939918,245.8996357,63.81518646,71.374,110.7104492,391.7430799,64.98529253,266.5597873,266.5597873
4,4_5E,5E,2018,326.1717356,80.20430991,53.34,192.6274256,327.5573439,93.48335208,55.88,178.1939918,245.8996357,63.81518646,110.7104492,110.7104492
4,4_5E,5E,2019,349.2038901,23.9859095,72.61513434,252.6028463,326.1717356,80.20430991,53.34,192.6274256,327.5573439,93.48335208,178.1939918,178.1939918
4,4_5E,5E,2020,294.488976,52.88108453,78.09632672,163.5115648,349.2038901,23.9859095,72.61513434,252.6028463,326.1717356,80.20430991,192.6274256,192.6274256
4,4_5E,5E,2021,371.5157276,25.18487104,112.3248786,234.005978,294.488976,52.88108453,78.09632672,163.5115648,349.2038901,23.9859095,252.6028463,252.6028463
4,4_5E,5E,2022,277.9332446,38.88274748,65.43132157,173.6191756,371.5157276,25.18487104,112.3248786,234.005978,294.488976,52.88108453,163.5115648,163.5115648
4,4_5E,5E,2023,473.1157925,58.47866676,48.514,366.1231258,277.9332446,38.88274748,65.43132157,173.6191756,371.5157276,25.18487104,234.005978,234.005978
1,1_7NW,7NW,2011,277.5421426,5.304840278,49.022,223.2153023,NA,NA,NA,NA,NA,NA,NA,NA
1,1_7NW,7NW,2012,218.0118921,92.50299485,18.288,107.2208972,277.5421426,5.304840278,49.022,223.2153023,NA,NA,NA,NA
1,1_7NW,7NW,2013,280.9461266,75.85876421,26.416,178.6713624,218.0118921,92.50299485,18.288,107.2208972,277.5421426,5.304840278,223.2153023,223.2153023
1,1_7NW,7NW,2014,450.621338,184.4610329,76.2,189.9603051,280.9461266,75.85876421,26.416,178.6713624,218.0118921,92.50299485,107.2208972,107.2208972
1,1_7NW,7NW,2015,384.7704065,67.21583948,60.198,257.3565671,450.621338,184.4610329,76.2,189.9603051,280.9461266,75.85876421,178.6713624,178.6713624
1,1_7NW,7NW,2016,245.5934447,62.29134252,71.374,111.9281021,384.7704065,67.21583948,60.198,257.3565671,450.621338,184.4610329,189.9603051,189.9603051
1,1_7NW,7NW,2017,336.5834164,73.12801769,55.88,207.5753987,245.5934447,62.29134252,71.374,111.9281021,384.7704065,67.21583948,257.3565671,257.3565671
1,1_7NW,7NW,2018,306.2709668,79.01721327,53.34,173.9137536,336.5834164,73.12801769,55.88,207.5753987,245.5934447,62.29134252,111.9281021,111.9281021
1,1_7NW,7NW,2019,345.9342011,18.42124419,75.13873326,252.3742237,306.2709668,79.01721327,53.34,173.9137536,336.5834164,73.12801769,207.5753987,207.5753987
1,1_7NW,7NW,2020,263.517238,31.61373682,80.74430712,151.1591941,345.9342011,18.42124419,75.13873326,252.3742237,306.2709668,79.01721327,173.9137536,173.9137536
1,1_7NW,7NW,2021,344.8828033,26.75733098,114.3830812,203.7423911,263.517238,31.61373682,80.74430712,151.1591941,345.9342011,18.42124419,252.3742237,252.3742237
1,1_7NW,7NW,2022,304.0641913,37.78051356,66.63471579,199.6489619,344.8828033,26.75733098,114.3830812,203.7423911,263.517238,31.61373682,151.1591941,151.1591941
1,1_7NW,7NW,2023,404.1799008,46.01372187,48.514,309.6521789,304.0641913,37.78051356,66.63471579,199.6489619,344.8828033,26.75733098,203.7423911,203.7423911
2,2_7NW,7NW,2011,277.2782022,4.829757885,49.022,223.4264443,NA,NA,NA,NA,NA,NA,NA,NA
2,2_7NW,7NW,2012,217.162131,92.23885045,18.288,106.6352805,277.2782022,4.829757885,49.022,223.4264443,NA,NA,NA,NA
2,2_7NW,7NW,2013,279.7351875,74.76018027,26.416,178.5590072,217.162131,92.23885045,18.288,106.6352805,277.2782022,4.829757885,223.4264443,223.4264443
2,2_7NW,7NW,2014,446.42755,182.8283245,76.2,187.3992255,279.7351875,74.76018027,26.416,178.5590072,217.162131,92.23885045,106.6352805,106.6352805
2,2_7NW,7NW,2015,381.6552332,67.40951648,60.198,254.0477167,446.42755,182.8283245,76.2,187.3992255,279.7351875,74.76018027,178.5590072,178.5590072
2,2_7NW,7NW,2016,244.8581542,62.07371628,71.374,111.4104379,381.6552332,67.40951648,60.198,254.0477167,446.42755,182.8283245,187.3992255,187.3992255
2,2_7NW,7NW,2017,334.0479303,73.53971556,55.88,204.6282147,244.8581542,62.07371628,71.374,111.4104379,381.6552332,67.40951648,254.0477167,254.0477167
2,2_7NW,7NW,2018,307.6310664,80.30322649,53.34,173.9878399,334.0479303,73.53971556,55.88,204.6282147,244.8581542,62.07371628,111.4104379,111.4104379
2,2_7NW,7NW,2019,361.148613,19.43421524,75.06780453,266.6465932,307.6310664,80.30322649,53.34,173.9878399,334.0479303,73.53971556,204.6282147,204.6282147
2,2_7NW,7NW,2020,271.3356611,31.87980822,79.33863992,160.117213,361.148613,19.43421524,75.06780453,266.6465932,307.6310664,80.30322649,173.9878399,173.9878399
2,2_7NW,7NW,2021,338.9143276,27.80305366,113.5489957,197.5622783,271.3356611,31.87980822,79.33863992,160.117213,361.148613,19.43421524,266.6465932,266.6465932
2,2_7NW,7NW,2022,310.1329336,36.56759612,66.83910474,206.7262328,338.9143276,27.80305366,113.5489957,197.5622783,271.3356611,31.87980822,160.117213,160.117213
2,2_7NW,7NW,2023,403.5095914,46.64473648,48.514,308.3508549,310.1329336,36.56759612,66.83910474,206.7262328,338.9143276,27.80305366,197.5622783,197.5622783
3,3_7NW,7NW,2011,278.5735732,5.910839434,49.022,223.6407337,NA,NA,NA,NA,NA,NA,NA,NA
3,3_7NW,7NW,2012,220.7971291,93.30126348,18.288,109.2078657,278.5735732,5.910839434,49.022,223.6407337,NA,NA,NA,NA
3,3_7NW,7NW,2013,281.6397979,75.73485614,26.416,179.4889417,220.7971291,93.30126348,18.288,109.2078657,278.5735732,5.910839434,223.6407337,223.6407337
3,3_7NW,7NW,2014,448.7486631,182.1397731,76.2,190.40889,281.6397979,75.73485614,26.416,179.4889417,220.7971291,93.30126348,109.2078657,109.2078657
3,3_7NW,7NW,2015,384.5190441,66.32175367,60.198,257.9992904,448.7486631,182.1397731,76.2,190.40889,281.6397979,75.73485614,179.4889417,179.4889417
3,3_7NW,7NW,2016,246.3507702,62.69245161,71.374,112.2843186,384.5190441,66.32175367,60.198,257.9992904,448.7486631,182.1397731,190.40889,190.40889
3,3_7NW,7NW,2017,333.6741687,73.42011213,55.88,204.3740566,246.3507702,62.69245161,71.374,112.2843186,384.5190441,66.32175367,257.9992904,257.9992904
3,3_7NW,7NW,2018,309.5145528,82.30228081,53.34,173.872272,333.6741687,73.42011213,55.88,204.3740566,246.3507702,62.69245161,112.2843186,112.2843186
3,3_7NW,7NW,2019,347.9867606,18.54449946,75.73524919,253.707012,309.5145528,82.30228081,53.34,173.872272,333.6741687,73.42011213,204.3740566,204.3740566
3,3_7NW,7NW,2020,271.0019763,34.01837095,80.47010526,156.5135001,347.9867606,18.54449946,75.73524919,253.707012,309.5145528,82.30228081,173.872272,173.872272
3,3_7NW,7NW,2021,334.3366357,28.5290574,114.1415845,191.6659937,271.0019763,34.01837095,80.47010526,156.5135001,347.9867606,18.54449946,253.707012,253.707012
3,3_7NW,7NW,2022,300.909998,36.96732003,66.58967396,197.353004,334.3366357,28.5290574,114.1415845,191.6659937,271.0019763,34.01837095,156.5135001,156.5135001
3,3_7NW,7NW,2023,408.215736,46.94157716,48.514,312.7601588,300.909998,36.96732003,66.58967396,197.353004,334.3366357,28.5290574,191.6659937,191.6659937
4,4_7NW,7NW,2011,278.9391383,6.087149019,49.022,223.8299893,NA,NA,NA,NA,NA,NA,NA,NA
4,4_7NW,7NW,2012,223.681917,94.54347972,18.288,110.8504373,278.9391383,6.087149019,49.022,223.8299893,NA,NA,NA,NA
4,4_7NW,7NW,2013,282.8059308,74.72014178,26.416,181.669789,223.681917,94.54347972,18.288,110.8504373,278.9391383,6.087149019,223.8299893,223.8299893
4,4_7NW,7NW,2014,442.9899133,177.3480705,76.2,189.4418428,282.8059308,74.72014178,26.416,181.669789,223.681917,94.54347972,110.8504373,110.8504373
4,4_7NW,7NW,2015,381.6172803,65.84118264,60.198,255.5780977,442.9899133,177.3480705,76.2,189.4418428,282.8059308,74.72014178,181.669789,181.669789
4,4_7NW,7NW,2016,246.8758294,63.00496441,71.374,112.4968649,381.6172803,65.84118264,60.198,255.5780977,442.9899133,177.3480705,189.4418428,189.4418428
4,4_7NW,7NW,2017,330.3344661,75.09575564,55.88,199.3587104,246.8758294,63.00496441,71.374,112.4968649,381.6172803,65.84118264,255.5780977,255.5780977
4,4_7NW,7NW,2018,311.8250118,84.56569556,53.34,173.9193162,330.3344661,75.09575564,55.88,199.3587104,246.8758294,63.00496441,112.4968649,112.4968649
4,4_7NW,7NW,2019,345.7516833,18.38837601,75.85781621,251.505491,311.8250118,84.56569556,53.34,173.9193162,330.3344661,75.09575564,199.3587104,199.3587104
4,4_7NW,7NW,2020,273.0669912,34.62817446,80.33272181,158.1060949,345.7516833,18.38837601,75.85781621,251.505491,311.8250118,84.56569556,173.9193162,173.9193162
4,4_7NW,7NW,2021,328.2091444,29.55933085,113.9413232,184.7084903,273.0669912,34.62817446,80.33272181,158.1060949,345.7516833,18.38837601,251.505491,251.505491
4,4_7NW,7NW,2022,294.5879706,36.33545053,66.45482504,191.797695,328.2091444,29.55933085,113.9413232,184.7084903,273.0669912,34.62817446,158.1060949,158.1060949
4,4_7NW,7NW,2023,414.2932361,47.45806737,48.514,318.3211688,294.5879706,36.33545053,66.45482504,191.797695,328.2091444,29.55933085,184.7084903,184.7084903
5,5_7NW,7NW,2011,283.4233553,6.237080356,49.022,228.1642749,NA,NA,NA,NA,NA,NA,NA,NA
5,5_7NW,7NW,2012,218.4012919,90.56763152,18.288,109.5456604,283.4233553,6.237080356,49.022,228.1642749,NA,NA,NA,NA
5,5_7NW,7NW,2013,282.5028667,71.68974462,26.416,184.397122,218.4012919,90.56763152,18.288,109.5456604,283.4233553,6.237080356,228.1642749,228.1642749
5,5_7NW,7NW,2014,432.2069136,171.337433,76.2,184.6694806,282.5028667,71.68974462,26.416,184.397122,218.4012919,90.56763152,109.5456604,109.5456604
5,5_7NW,7NW,2015,372.7855118,65.89078494,60.198,246.6967268,432.2069136,171.337433,76.2,184.6694806,282.5028667,71.68974462,184.397122,184.397122
5,5_7NW,7NW,2016,247.0021166,63.08605039,71.374,112.5420662,372.7855118,65.89078494,60.198,246.6967268,432.2069136,171.337433,184.6694806,184.6694806
5,5_7NW,7NW,2017,311.002977,72.31819483,55.88,182.8047822,247.0021166,63.08605039,71.374,112.5420662,372.7855118,65.89078494,246.6967268,246.6967268
5,5_7NW,7NW,2018,314.4647147,85.64729563,53.34,175.4774191,311.002977,72.31819483,55.88,182.8047822,247.0021166,63.08605039,112.5420662,112.5420662
5,5_7NW,7NW,2019,343.7590148,18.48521212,75.9711144,249.3026882,314.4647147,85.64729563,53.34,175.4774191,311.002977,72.31819483,182.8047822,182.8047822
5,5_7NW,7NW,2020,277.0075941,36.4880603,80.14048914,160.3790447,343.7590148,18.48521212,75.9711144,249.3026882,314.4647147,85.64729563,175.4774191,175.4774191
5,5_7NW,7NW,2021,337.2890795,28.24105158,113.4630707,195.5849573,277.0075941,36.4880603,80.14048914,160.3790447,343.7590148,18.48521212,249.3026882,249.3026882
5,5_7NW,7NW,2022,282.2433822,36.3144928,66.17916321,179.7497262,337.2890795,28.24105158,113.4630707,195.5849573,277.0075941,36.4880603,160.3790447,160.3790447
5,5_7NW,7NW,2023,432.3263097,49.68178492,48.514,334.1305247,282.2433822,36.3144928,66.17916321,179.7497262,337.2890795,28.24105158,195.5849573,195.5849573
6,6_7NW,7NW,2011,287.4742281,6.830562699,49.022,231.6216654,NA,NA,NA,NA,NA,NA,NA,NA
6,6_7NW,7NW,2012,219.1778696,89.34780219,18.288,111.5420674,287.4742281,6.830562699,49.022,231.6216654,NA,NA,NA,NA
6,6_7NW,7NW,2013,284.642555,71.63864656,26.416,186.5879085,219.1778696,89.34780219,18.288,111.5420674,287.4742281,6.830562699,231.6216654,231.6216654
6,6_7NW,7NW,2014,434.5450576,171.2940702,76.2,187.0509875,284.642555,71.63864656,26.416,186.5879085,219.1778696,89.34780219,111.5420674,111.5420674
6,6_7NW,7NW,2015,376.3740927,65.68423319,60.198,250.4918595,434.5450576,171.2940702,76.2,187.0509875,284.642555,71.63864656,186.5879085,186.5879085
6,6_7NW,7NW,2016,248.0168621,63.27754495,71.374,113.3653171,376.3740927,65.68423319,60.198,250.4918595,434.5450576,171.2940702,187.0509875,187.0509875
6,6_7NW,7NW,2017,311.3557661,73.84117478,55.88,181.6345913,248.0168621,63.27754495,71.374,113.3653171,376.3740927,65.68423319,250.4918595,250.4918595
6,6_7NW,7NW,2018,315.3426113,84.7027436,53.34,177.2998677,311.3557661,73.84117478,55.88,181.6345913,248.0168621,63.27754495,113.3653171,113.3653171
6,6_7NW,7NW,2019,344.8952555,19.02205802,76.04125782,249.8319396,315.3426113,84.7027436,53.34,177.2998677,311.3557661,73.84117478,181.6345913,181.6345913
6,6_7NW,7NW,2020,281.3399216,39.21709016,80.01480986,162.1080216,344.8952555,19.02205802,76.04125782,249.8319396,315.3426113,84.7027436,177.2998677,177.2998677
6,6_7NW,7NW,2021,343.5743746,27.50764559,113.2684674,202.7982615,281.3399216,39.21709016,80.01480986,162.1080216,344.8952555,19.02205802,249.8319396,249.8319396
6,6_7NW,7NW,2022,279.4825352,36.78756875,66.13604224,176.5589242,343.5743746,27.50764559,113.2684674,202.7982615,281.3399216,39.21709016,162.1080216,162.1080216
6,6_7NW,7NW,2023,442.8852978,52.06850936,48.514,342.3027884,279.4825352,36.78756875,66.13604224,176.5589242,343.5743746,27.50764559,202.7982615,202.7982615
1,1_7SE,7SE,2011,273.3086926,3.908113263,49.022,220.3785794,NA,NA,NA,NA,NA,NA,NA,NA
1,1_7SE,7SE,2012,216.1676296,90.50101103,18.288,107.3786186,273.3086926,3.908113263,49.022,220.3785794,NA,NA,NA,NA
1,1_7SE,7SE,2013,276.970134,73.29626586,26.416,177.2578682,216.1676296,90.50101103,18.288,107.3786186,273.3086926,3.908113263,220.3785794,220.3785794
1,1_7SE,7SE,2014,444.1160607,183.4579405,76.2,184.4581203,276.970134,73.29626586,26.416,177.2578682,216.1676296,90.50101103,107.3786186,107.3786186
1,1_7SE,7SE,2015,379.3573045,68.52773789,60.198,250.6315666,444.1160607,183.4579405,76.2,184.4581203,276.970134,73.29626586,177.2578682,177.2578682
1,1_7SE,7SE,2016,243.0720954,61.31226444,71.374,110.385831,379.3573045,68.52773789,60.198,250.6315666,444.1160607,183.4579405,184.4581203,184.4581203
1,1_7SE,7SE,2017,330.5509013,71.43468848,55.88,203.2362128,243.0720954,61.31226444,71.374,110.385831,379.3573045,68.52773789,250.6315666,250.6315666
1,1_7SE,7SE,2018,307.4550203,80.14426133,53.34,173.970759,330.5509013,71.43468848,55.88,203.2362128,243.0720954,61.31226444,110.385831,110.385831
1,1_7SE,7SE,2019,336.4586316,17.80172657,72.83058234,245.8263227,307.4550203,80.14426133,53.34,173.970759,330.5509013,71.43468848,203.2362128,203.2362128
1,1_7SE,7SE,2020,254.9616911,28.65806043,80.04936318,146.2542675,336.4586316,17.80172657,72.83058234,245.8263227,307.4550203,80.14426133,173.970759,173.970759
1,1_7SE,7SE,2021,348.0857457,25.34912495,113.8806624,208.8559583,254.9616911,28.65806043,80.04936318,146.2542675,336.4586316,17.80172657,245.8263227,245.8263227
1,1_7SE,7SE,2022,294.5842689,37.06136939,66.11631651,191.406583,348.0857457,25.34912495,113.8806624,208.8559583,254.9616911,28.65806043,146.2542675,146.2542675
1,1_7SE,7SE,2023,405.049261,44.39621879,48.514,312.1390422,294.5842689,37.06136939,66.11631651,191.406583,348.0857457,25.34912495,208.8559583,208.8559583
2,2_7SE,7SE,2011,276.7784004,4.260748573,49.022,223.4956518,NA,NA,NA,NA,NA,NA,NA,NA
2,2_7SE,7SE,2012,219.1012374,91.97733513,18.288,108.8359023,276.7784004,4.260748573,49.022,223.4956518,NA,NA,NA,NA
2,2_7SE,7SE,2013,279.0923493,72.08024824,26.416,180.596101,219.1012374,91.97733513,18.288,108.8359023,276.7784004,4.260748573,223.4956518,223.4956518
2,2_7SE,7SE,2014,434.7169364,176.8559246,76.2,181.6610118,279.0923493,72.08024824,26.416,180.596101,219.1012374,91.97733513,108.8359023,108.8359023
2,2_7SE,7SE,2015,373.4938867,67.28179236,60.198,246.0140944,434.7169364,176.8559246,76.2,181.6610118,279.0923493,72.08024824,180.596101,180.596101
2,2_7SE,7SE,2016,243.3436175,61.69249352,71.374,110.277124,373.4938867,67.28179236,60.198,246.0140944,434.7169364,176.8559246,181.6610118,181.6610118
2,2_7SE,7SE,2017,325.8374795,74.78801506,55.88,195.1694644,243.3436175,61.69249352,71.374,110.277124,373.4938867,67.28179236,246.0140944,246.0140944
2,2_7SE,7SE,2018,311.5447705,83.98750066,53.34,174.2172699,325.8374795,74.78801506,55.88,195.1694644,243.3436175,61.69249352,110.277124,110.277124
2,2_7SE,7SE,2019,339.85303,18.06776087,72.42082612,249.3644431,311.5447705,83.98750066,53.34,174.2172699,325.8374795,74.78801506,195.1694644,195.1694644
2,2_7SE,7SE,2020,266.9716131,31.37084033,78.68288331,156.9178895,339.85303,18.06776087,72.42082612,249.3644431,311.5447705,83.98750066,174.2172699,174.2172699
2,2_7SE,7SE,2021,345.8455437,27.41143927,113.0670961,205.3670082,266.9716131,31.37084033,78.68288331,156.9178895,339.85303,18.06776087,249.3644431,249.3644431
2,2_7SE,7SE,2022,289.0982177,35.25139331,65.56695609,188.2798683,345.8455437,27.41143927,113.0670961,205.3670082,266.9716131,31.37084033,156.9178895,156.9178895
2,2_7SE,7SE,2023,409.7502645,44.48147659,48.514,316.7547879,289.0982177,35.25139331,65.56695609,188.2798683,345.8455437,27.41143927,205.3670082,205.3670082
3,3_7SE,7SE,2011,275.0494425,3.844766876,49.022,222.1826756,NA,NA,NA,NA,NA,NA,NA,NA
3,3_7SE,7SE,2012,216.6195918,90.15218607,18.288,108.1794057,275.0494425,3.844766876,49.022,222.1826756,NA,NA,NA,NA
3,3_7SE,7SE,2013,276.3463092,72.09726401,26.416,177.8330452,216.6195918,90.15218607,18.288,108.1794057,275.0494425,3.844766876,222.1826756,222.1826756
3,3_7SE,7SE,2014,439.1655734,181.1406285,76.2,181.8249449,276.3463092,72.09726401,26.416,177.8330452,216.6195918,90.15218607,108.1794057,108.1794057
3,3_7SE,7SE,2015,375.8096231,67.99288622,60.198,247.6187369,439.1655734,181.1406285,76.2,181.8249449,276.3463092,72.09726401,177.8330452,177.8330452
3,3_7SE,7SE,2016,242.4593338,61.1744423,71.374,109.9108915,375.8096231,67.99288622,60.198,247.6187369,439.1655734,181.1406285,181.8249449,181.8249449
3,3_7SE,7SE,2017,325.9419075,71.57303792,55.88,198.4888696,242.4593338,61.1744423,71.374,109.9108915,375.8096231,67.99288622,247.6187369,247.6187369
3,3_7SE,7SE,2018,309.4072352,81.76382313,53.34,174.3034121,325.9419075,71.57303792,55.88,198.4888696,242.4593338,61.1744423,109.9108915,109.9108915
3,3_7SE,7SE,2019,338.706535,17.99054255,70.94568154,249.7703109,309.4072352,81.76382313,53.34,174.3034121,325.9419075,71.57303792,198.4888696,198.4888696
3,3_7SE,7SE,2020,265.1574081,30.02624053,77.75285675,157.3783108,338.706535,17.99054255,70.94568154,249.7703109,309.4072352,81.76382313,174.3034121,174.3034121
3,3_7SE,7SE,2021,350.3937492,26.56150321,112.6477134,211.1845327,265.1574081,30.02624053,77.75285675,157.3783108,338.706535,17.99054255,249.7703109,249.7703109
3,3_7SE,7SE,2022,288.0024504,34.94626824,65.14160947,187.9145727,350.3937492,26.56150321,112.6477134,211.1845327,265.1574081,30.02624053,157.3783108,157.3783108
3,3_7SE,7SE,2023,406.4669775,43.37022306,48.514,314.5827545,288.0024504,34.94626824,65.14160947,187.9145727,350.3937492,26.56150321,211.1845327,211.1845327
4,4_7SE,7SE,2011,276.6760754,3.856241016,49.022,223.7978343,NA,NA,NA,NA,NA,NA,NA,NA
4,4_7SE,7SE,2012,215.817666,89.71760665,18.288,107.8120594,276.6760754,3.856241016,49.022,223.7978343,NA,NA,NA,NA
4,4_7SE,7SE,2013,276.1248545,71.22708212,26.416,178.4817724,215.817666,89.71760665,18.288,107.8120594,276.6760754,3.856241016,223.7978343,223.7978343
4,4_7SE,7SE,2014,434.8318301,179.0739969,76.2,179.5578332,276.1248545,71.22708212,26.416,178.4817724,215.817666,89.71760665,107.8120594,107.8120594
4,4_7SE,7SE,2015,373.3736522,67.49455029,60.198,245.6811019,434.8318301,179.0739969,76.2,179.5578332,276.1248545,71.22708212,178.4817724,178.4817724
4,4_7SE,7SE,2016,242.2822232,61.15038195,71.374,109.7578412,373.3736522,67.49455029,60.198,245.6811019,434.8318301,179.0739969,179.5578332,179.5578332
4,4_7SE,7SE,2017,322.3383549,71.99182085,55.88,194.4665341,242.2822232,61.15038195,71.374,109.7578412,373.3736522,67.49455029,245.6811019,245.6811019
4,4_7SE,7SE,2018,310.8223666,82.40138945,53.34,175.0809772,322.3383549,71.99182085,55.88,194.4665341,242.2822232,61.15038195,109.7578412,109.7578412
4,4_7SE,7SE,2019,339.9807816,18.12407544,71.79587024,250.0608359,310.8223666,82.40138945,53.34,175.0809772,322.3383549,71.99182085,194.4665341,194.4665341
4,4_7SE,7SE,2020,268.2032557,31.49766597,78.20951559,158.4960742,339.9807816,18.12407544,71.79587024,250.0608359,310.8223666,82.40138945,175.0809772,175.0809772
4,4_7SE,7SE,2021,357.7421057,26.87155083,112.7863394,218.0842155,268.2032557,31.49766597,78.20951559,158.4960742,339.9807816,18.12407544,250.0608359,250.0608359
4,4_7SE,7SE,2022,285.6359487,34.89990925,65.29854548,185.437494,357.7421057,26.87155083,112.7863394,218.0842155,268.2032557,31.49766597,158.4960742,158.4960742
4,4_7SE,7SE,2023,413.2421314,43.66019824,48.514,321.0679332,285.6359487,34.89990925,65.29854548,185.437494,357.7421057,26.87155083,218.0842155,218.0842155
5,5_7SE,7SE,2011,281.3364535,5.506281996,49.022,226.8081715,NA,NA,NA,NA,NA,NA,NA,NA
5,5_7SE,7SE,2012,218.5442858,90.81771364,18.288,109.4385722,281.3364535,5.506281996,49.022,226.8081715,NA,NA,NA,NA
5,5_7SE,7SE,2013,281.4288418,71.09453178,26.416,183.91831,218.5442858,90.81771364,18.288,109.4385722,281.3364535,5.506281996,226.8081715,226.8081715
5,5_7SE,7SE,2014,426.9313856,169.7686524,76.2,180.9627331,281.4288418,71.09453178,26.416,183.91831,218.5442858,90.81771364,109.4385722,109.4385722
5,5_7SE,7SE,2015,368.4528619,66.18516012,60.198,242.0697017,426.9313856,169.7686524,76.2,180.9627331,281.4288418,71.09453178,183.91831,183.91831
5,5_7SE,7SE,2016,245.3646337,62.5859977,71.374,111.404636,368.4528619,66.18516012,60.198,242.0697017,426.9313856,169.7686524,180.9627331,180.9627331
5,5_7SE,7SE,2017,313.7444543,74.30347199,55.88,183.5609823,245.3646337,62.5859977,71.374,111.404636,368.4528619,66.18516012,242.0697017,242.0697017
5,5_7SE,7SE,2018,314.9667505,86.58503922,53.34,175.0417113,313.7444543,74.30347199,55.88,183.5609823,245.3646337,62.5859977,111.404636,111.404636
5,5_7SE,7SE,2019,343.4025698,18.33865338,75.39141964,249.6724968,314.9667505,86.58503922,53.34,175.0417113,313.7444543,74.30347199,183.5609823,183.5609823
5,5_7SE,7SE,2020,274.6546866,35.32049262,80.01361431,159.3205797,343.4025698,18.33865338,75.39141964,249.6724968,314.9667505,86.58503922,175.0417113,175.0417113
5,5_7SE,7SE,2021,335.8615829,28.1451835,113.4516751,194.2647243,274.6546866,35.32049262,80.01361431,159.3205797,343.4025698,18.33865338,249.6724968,249.6724968
5,5_7SE,7SE,2022,284.1926361,36.09040174,66.11968177,181.9825526,335.8615829,28.1451835,113.4516751,194.2647243,274.6546866,35.32049262,159.3205797,159.3205797
5,5_7SE,7SE,2023,427.5839651,48.14734896,48.514,330.9226162,284.1926361,36.09040174,66.11968177,181.9825526,335.8615829,28.1451835,194.2647243,194.2647243
6,6_7SE,7SE,2011,284.7960917,6.092893662,49.022,229.6811981,NA,NA,NA,NA,NA,NA,NA,NA
6,6_7SE,7SE,2012,217.7020812,89.47737801,18.288,109.9367032,284.7960917,6.092893662,49.022,229.6811981,NA,NA,NA,NA
6,6_7SE,7SE,2013,282.2849264,71.43517967,26.416,184.4337467,217.7020812,89.47737801,18.288,109.9367032,284.7960917,6.092893662,229.6811981,229.6811981
6,6_7SE,7SE,2014,430.8053687,170.8528032,76.2,183.7525655,282.2849264,71.43517967,26.416,184.4337467,217.7020812,89.47737801,109.9367032,109.9367032
6,6_7SE,7SE,2015,372.8435907,66.03192792,60.198,246.6136627,430.8053687,170.8528032,76.2,183.7525655,282.2849264,71.43517967,184.4337467,184.4337467
6,6_7SE,7SE,2016,246.6536292,62.87407581,71.374,112.4055534,372.8435907,66.03192792,60.198,246.6136627,430.8053687,170.8528032,183.7525655,183.7525655
6,6_7SE,7SE,2017,310.5246541,72.85406902,55.88,181.7905851,246.6536292,62.87407581,71.374,112.4055534,372.8435907,66.03192792,246.6136627,246.6136627
6,6_7SE,7SE,2018,315.0180866,85.22499593,53.34,176.4530907,310.5246541,72.85406902,55.88,181.7905851,246.6536292,62.87407581,112.4055534,112.4055534
6,6_7SE,7SE,2019,344.9061957,18.74164666,75.89602552,250.2685235,315.0180866,85.22499593,53.34,176.4530907,310.5246541,72.85406902,181.7905851,181.7905851
6,6_7SE,7SE,2020,279.1711894,37.77364684,80.10725395,161.2902886,344.9061957,18.74164666,75.89602552,250.2685235,315.0180866,85.22499593,176.4530907,176.4530907
6,6_7SE,7SE,2021,342.5606828,27.53681365,113.3287837,201.6950854,279.1711894,37.77364684,80.10725395,161.2902886,344.9061957,18.74164666,250.2685235,250.2685235
6,6_7SE,7SE,2022,280.9678044,36.47894408,66.1607655,178.3280948,342.5606828,27.53681365,113.3287837,201.6950854,279.1711894,37.77364684,161.2902886,161.2902886
6,6_7SE,7SE,2023,439.0603214,50.85944208,48.514,339.6868793,280.9678044,36.47894408,66.1607655,178.3280948,342.5606828,27.53681365,201.6950854,201.6950854
1,1_8E,8E,2011,282.7456203,5.488679271,49.022,228.234941,NA,NA,NA,NA,NA,NA,NA,NA
1,1_8E,8E,2012,210.1187656,85.32967105,18.288,106.5010945,282.7456203,5.488679271,49.022,228.234941,NA,NA,NA,NA
1,1_8E,8E,2013,284.742829,76.11666295,26.416,182.2101661,210.1187656,85.32967105,18.288,106.5010945,282.7456203,5.488679271,228.234941,228.234941
1,1_8E,8E,2014,425.3253247,170.167341,76.2,178.9579837,284.742829,76.11666295,26.416,182.2101661,210.1187656,85.32967105,106.5010945,106.5010945
1,1_8E,8E,2015,381.1335723,68.0338664,60.198,252.9017059,425.3253247,170.167341,76.2,178.9579837,284.742829,76.11666295,182.2101661,182.2101661
1,1_8E,8E,2016,243.5589814,61.75262852,71.374,110.4323528,381.1335723,68.0338664,60.198,252.9017059,425.3253247,170.167341,178.9579837,178.9579837
1,1_8E,8E,2017,323.2564131,81.4897475,55.88,185.8866656,243.5589814,61.75262852,71.374,110.4323528,381.1335723,68.0338664,252.9017059,252.9017059
1,1_8E,8E,2018,318.880651,86.19053151,53.34,179.3501195,323.2564131,81.4897475,55.88,185.8866656,243.5589814,61.75262852,110.4323528,110.4323528
1,1_8E,8E,2019,362.5899309,19.35451983,74.0643879,269.1710232,318.880651,86.19053151,53.34,179.3501195,323.2564131,81.4897475,185.8866656,185.8866656
1,1_8E,8E,2020,309.6547192,45.93586051,82.88694088,180.8319178,362.5899309,19.35451983,74.0643879,269.1710232,318.880651,86.19053151,179.3501195,179.3501195
1,1_8E,8E,2021,385.9864589,27.37131477,113.2513732,245.3637709,309.6547192,45.93586051,82.88694088,180.8319178,362.5899309,19.35451983,269.1710232,269.1710232
1,1_8E,8E,2022,303.4105381,39.06542453,67.93103448,196.4140791,385.9864589,27.37131477,113.2513732,245.3637709,309.6547192,45.93586051,180.8319178,180.8319178
1,1_8E,8E,2023,471.5191189,51.0017434,48.514,372.0033755,303.4105381,39.06542453,67.93103448,196.4140791,385.9864589,27.37131477,245.3637709,245.3637709
2,2_8E,8E,2011,284.2250984,6.085933088,49.022,229.1171653,NA,NA,NA,NA,NA,NA,NA,NA
2,2_8E,8E,2012,211.0818218,85.63618923,18.288,107.1576326,284.2250984,6.085933088,49.022,229.1171653,NA,NA,NA,NA
2,2_8E,8E,2013,285.5494872,76.93070964,26.416,182.2027775,211.0818218,85.63618923,18.288,107.1576326,284.2250984,6.085933088,229.1171653,229.1171653
2,2_8E,8E,2014,426.1652753,169.7021951,76.2,180.2630802,285.5494872,76.93070964,26.416,182.2027775,211.0818218,85.63618923,107.1576326,107.1576326
2,2_8E,8E,2015,382.7969123,68.76506766,60.198,253.8338447,426.1652753,169.7021951,76.2,180.2630802,285.5494872,76.93070964,182.2027775,182.2027775
2,2_8E,8E,2016,243.5173538,61.84491899,71.374,110.2984348,382.7969123,68.76506766,60.198,253.8338447,426.1652753,169.7021951,180.2630802,180.2630802
2,2_8E,8E,2017,324.4376782,83.52540375,55.88,185.0322744,243.5173538,61.84491899,71.374,110.2984348,382.7969123,68.76506766,253.8338447,253.8338447
2,2_8E,8E,2018,318.9386746,86.18810344,53.34,179.4105711,324.4376782,83.52540375,55.88,185.0322744,243.5173538,61.84491899,110.2984348,110.2984348
2,2_8E,8E,2019,358.1360098,19.46021586,74.90208842,263.7737055,318.9386746,86.18810344,53.34,179.4105711,324.4376782,83.52540375,185.0322744,185.0322744
2,2_8E,8E,2020,303.7973271,43.77881623,82.19263203,177.8258788,358.1360098,19.46021586,74.90208842,263.7737055,318.9386746,86.18810344,179.4105711,179.4105711
2,2_8E,8E,2021,391.836094,26.82844655,113.1909063,251.8167412,303.7973271,43.77881623,82.19263203,177.8258788,358.1360098,19.46021586,263.7737055,263.7737055
2,2_8E,8E,2022,297.680182,39.02088173,67.46885149,191.1904487,391.836094,26.82844655,113.1909063,251.8167412,303.7973271,43.77881623,177.8258788,177.8258788
2,2_8E,8E,2023,472.5779812,50.88064528,48.514,373.1833359,297.680182,39.02088173,67.46885149,191.1904487,391.836094,26.82844655,251.8167412,251.8167412
3,3_8E,8E,2011,282.7166384,6.187685717,49.022,227.5069526,NA,NA,NA,NA,NA,NA,NA,NA
3,3_8E,8E,2012,213.860839,85.77486916,18.288,109.7979699,282.7166384,6.187685717,49.022,227.5069526,NA,NA,NA,NA
3,3_8E,8E,2013,288.9827453,76.70770247,26.416,185.8590428,213.860839,85.77486916,18.288,109.7979699,282.7166384,6.187685717,227.5069526,227.5069526
3,3_8E,8E,2014,421.237409,164.9933149,76.2,180.0440941,288.9827453,76.70770247,26.416,185.8590428,213.860839,85.77486916,109.7979699,109.7979699
3,3_8E,8E,2015,381.3150267,67.94706548,60.198,253.1699612,421.237409,164.9933149,76.2,180.0440941,288.9827453,76.70770247,185.8590428,185.8590428
3,3_8E,8E,2016,244.2179992,62.10443002,71.374,110.7395692,381.3150267,67.94706548,60.198,253.1699612,421.237409,164.9933149,180.0440941,180.0440941
3,3_8E,8E,2017,328.4758368,85.33875971,55.88,187.2570771,244.2179992,62.10443002,71.374,110.7395692,381.3150267,67.94706548,253.1699612,253.1699612
3,3_8E,8E,2018,323.1392453,90.19918927,53.34,179.6000561,328.4758368,85.33875971,55.88,187.2570771,244.2179992,62.10443002,110.7395692,110.7395692
3,3_8E,8E,2019,357.5914728,19.58170084,74.80429174,263.2054802,323.1392453,90.19918927,53.34,179.6000561,328.4758368,85.33875971,187.2570771,187.2570771
3,3_8E,8E,2020,300.1147485,43.84917584,81.78021503,174.4853576,357.5914728,19.58170084,74.80429174,263.2054802,323.1392453,90.19918927,179.6000561,179.6000561
3,3_8E,8E,2021,382.9307626,26.35545399,113.1505389,243.4247697,300.1147485,43.84917584,81.78021503,174.4853576,357.5914728,19.58170084,263.2054802,263.2054802
3,3_8E,8E,2022,294.064899,38.29358289,67.23455602,188.5367601,382.9307626,26.35545399,113.1505389,243.4247697,300.1147485,43.84917584,174.4853576,174.4853576
3,3_8E,8E,2023,470.9706607,52.99652734,48.514,369.4601333,294.064899,38.29358289,67.23455602,188.5367601,382.9307626,26.35545399,243.4247697,243.4247697
4,4_8E,8E,2011,289.7885835,7.67274124,49.022,233.0938423,NA,NA,NA,NA,NA,NA,NA,NA
4,4_8E,8E,2012,220.5002898,85.93025448,18.288,116.2820353,289.7885835,7.67274124,49.022,233.0938423,NA,NA,NA,NA
4,4_8E,8E,2013,291.3297507,76.54658279,26.416,188.3671679,220.5002898,85.93025448,18.288,116.2820353,289.7885835,7.67274124,233.0938423,233.0938423
4,4_8E,8E,2014,418.4810851,159.3301575,76.2,182.9509277,291.3297507,76.54658279,26.416,188.3671679,220.5002898,85.93025448,116.2820353,116.2820353
4,4_8E,8E,2015,381.4673637,66.83425878,60.198,254.4351049,418.4810851,159.3301575,76.2,182.9509277,291.3297507,76.54658279,188.3671679,188.3671679
4,4_8E,8E,2016,245.5387878,62.77105399,71.374,111.3937338,381.4673637,66.83425878,60.198,254.4351049,418.4810851,159.3301575,182.9509277,182.9509277
4,4_8E,8E,2017,332.2261041,89.01867662,55.88,187.3274275,245.5387878,62.77105399,71.374,111.3937338,381.4673637,66.83425878,254.4351049,254.4351049
4,4_8E,8E,2018,329.3598577,94.03401753,53.34,181.9858402,332.2261041,89.01867662,55.88,187.3274275,245.5387878,62.77105399,111.3937338,111.3937338
4,4_8E,8E,2019,350.780392,20.55477146,73.78836258,256.437258,329.3598577,94.03401753,53.34,181.9858402,332.2261041,89.01867662,187.3274275,187.3274275
4,4_8E,8E,2020,289.6848764,48.18338444,78.9991044,162.5023876,350.780392,20.55477146,73.78836258,256.437258,329.3598577,94.03401753,181.9858402,181.9858402
4,4_8E,8E,2021,377.5818648,23.51917742,112.720968,241.3417195,289.6848764,48.18338444,78.9991044,162.5023876,350.780392,20.55477146,256.437258,256.437258
4,4_8E,8E,2022,279.8795427,37.35341401,65.7593879,176.7667408,377.5818648,23.51917742,112.720968,241.3417195,289.6848764,48.18338444,162.5023876,162.5023876
4,4_8E,8E,2023,470.6849134,57.7952956,48.514,364.3756178,279.8795427,37.35341401,65.7593879,176.7667408,377.5818648,23.51917742,241.3417195,241.3417195
1,1_NH,NH,2011,275.6542667,11.42751436,49.022,215.2047524,NA,NA,NA,NA,NA,NA,NA,NA
1,1_NH,NH,2012,194.2079083,88.15657238,18.288,87.76333589,275.6542667,11.42751436,49.022,215.2047524,NA,NA,NA,NA
1,1_NH,NH,2013,261.6154548,69.99664288,26.416,165.2028119,194.2079083,88.15657238,18.288,87.76333589,275.6542667,11.42751436,215.2047524,215.2047524
1,1_NH,NH,2014,487.2891213,212.8382346,76.2,198.2508867,261.6154548,69.99664288,26.416,165.2028119,194.2079083,88.15657238,87.76333589,87.76333589
1,1_NH,NH,2015,408.553134,63.68895536,60.198,284.6661787,487.2891213,212.8382346,76.2,198.2508867,261.6154548,69.99664288,165.2028119,165.2028119
1,1_NH,NH,2016,255.418446,65.54118368,71.374,118.5032623,408.553134,63.68895536,60.198,284.6661787,487.2891213,212.8382346,198.2508867,198.2508867
1,1_NH,NH,2017,253.6530672,37.50264281,55.88,160.2704244,255.418446,65.54118368,71.374,118.5032623,408.553134,63.68895536,284.6661787,284.6661787
1,1_NH,NH,2018,297.6358522,79.64640475,53.34,164.6494474,253.6530672,37.50264281,55.88,160.2704244,255.418446,65.54118368,118.5032623,118.5032623
1,1_NH,NH,2019,354.1490443,14.62014712,85.31646321,254.212434,297.6358522,79.64640475,53.34,164.6494474,253.6530672,37.50264281,160.2704244,160.2704244
1,1_NH,NH,2020,266.2118223,33.36271611,76.96429658,155.8848097,354.1490443,14.62014712,85.31646321,254.212434,297.6358522,79.64640475,164.6494474,164.6494474
1,1_NH,NH,2021,358.0428194,29.78033692,111.8265332,216.4359493,266.2118223,33.36271611,76.96429658,155.8848097,354.1490443,14.62014712,254.212434,254.212434
1,1_NH,NH,2022,229.7926414,37.16183368,65.78841695,126.8423908,358.0428194,29.78033692,111.8265332,216.4359493,266.2118223,33.36271611,155.8848097,155.8848097
1,1_NH,NH,2023,391.6858165,47.19595668,48.514,295.9758598,229.7926414,37.16183368,65.78841695,126.8423908,358.0428194,29.78033692,216.4359493,216.4359493
2,2_NH,NH,2011,276.5864202,10.86465158,49.022,216.6997687,NA,NA,NA,NA,NA,NA,NA,NA
2,2_NH,NH,2012,194.879125,88.11323242,18.288,88.47789258,276.5864202,10.86465158,49.022,216.6997687,NA,NA,NA,NA
2,2_NH,NH,2013,259.0333705,70.51267436,26.416,162.1046961,194.879125,88.11323242,18.288,88.47789258,276.5864202,10.86465158,216.6997687,216.6997687
2,2_NH,NH,2014,484.8010433,211.3396676,76.2,197.2613757,259.0333705,70.51267436,26.416,162.1046961,194.879125,88.11323242,88.47789258,88.47789258
2,2_NH,NH,2015,409.6489707,65.71308893,60.198,283.7378817,484.8010433,211.3396676,76.2,197.2613757,259.0333705,70.51267436,162.1046961,162.1046961
2,2_NH,NH,2016,253.5430287,65.65430745,71.374,116.5147213,409.6489707,65.71308893,60.198,283.7378817,484.8010433,211.3396676,197.2613757,197.2613757
2,2_NH,NH,2017,258.1145809,33.8118168,55.88,168.4227641,253.5430287,65.65430745,71.374,116.5147213,409.6489707,65.71308893,283.7378817,283.7378817
2,2_NH,NH,2018,300.5444319,82.56593543,53.34,164.6384965,258.1145809,33.8118168,55.88,168.4227641,253.5430287,65.65430745,116.5147213,116.5147213
2,2_NH,NH,2019,354.2333135,14.90561721,86.6409367,252.6867596,300.5444319,82.56593543,53.34,164.6384965,258.1145809,33.8118168,168.4227641,168.4227641
2,2_NH,NH,2020,268.8923846,32.7318119,78.97661461,157.1839581,354.2333135,14.90561721,86.6409367,252.6867596,300.5444319,82.56593543,164.6384965,164.6384965
2,2_NH,NH,2021,365.0242364,31.00044321,111.7890339,222.2347593,268.8923846,32.7318119,78.97661461,157.1839581,354.2333135,14.90561721,252.6867596,252.6867596
2,2_NH,NH,2022,237.977806,39.164874,67.04931171,131.7636202,365.0242364,31.00044321,111.7890339,222.2347593,268.8923846,32.7318119,157.1839581,157.1839581
2,2_NH,NH,2023,395.0108606,49.18311408,48.514,297.3137465,237.977806,39.164874,67.04931171,131.7636202,365.0242364,31.00044321,222.2347593,222.2347593
3,3_NH,NH,2011,277.6240304,10.74952581,49.022,217.8525046,NA,NA,NA,NA,NA,NA,NA,NA
3,3_NH,NH,2012,196.7793708,88.5187563,18.288,89.97261452,277.6240304,10.74952581,49.022,217.8525046,NA,NA,NA,NA
3,3_NH,NH,2013,258.3098082,69.9940525,26.416,161.8997557,196.7793708,88.5187563,18.288,89.97261452,277.6240304,10.74952581,217.8525046,217.8525046
3,3_NH,NH,2014,488.0152737,209.9235275,76.2,201.8917462,258.3098082,69.9940525,26.416,161.8997557,196.7793708,88.5187563,89.97261452,89.97261452
3,3_NH,NH,2015,410.0732824,64.69844952,60.198,285.1768329,488.0152737,209.9235275,76.2,201.8917462,258.3098082,69.9940525,161.8997557,161.8997557
3,3_NH,NH,2016,253.5563698,65.58650122,71.374,116.5958686,410.0732824,64.69844952,60.198,285.1768329,488.0152737,209.9235275,201.8917462,201.8917462
3,3_NH,NH,2017,256.7589858,33.38022485,55.88,167.4987609,253.5563698,65.58650122,71.374,116.5958686,410.0732824,64.69844952,285.1768329,285.1768329
3,3_NH,NH,2018,300.3546235,82.92072682,53.34,164.0938967,256.7589858,33.38022485,55.88,167.4987609,253.5563698,65.58650122,116.5958686,116.5958686
3,3_NH,NH,2019,353.8911488,14.07720989,84.19804004,255.6158989,300.3546235,82.92072682,53.34,164.0938967,256.7589858,33.38022485,167.4987609,167.4987609
3,3_NH,NH,2020,260.5604383,34.04443832,75.08134447,151.4346555,353.8911488,14.07720989,84.19804004,255.6158989,300.3546235,82.92072682,164.0938967,164.0938967
3,3_NH,NH,2021,359.1387603,29.13603587,111.6285053,218.3742191,260.5604383,34.04443832,75.08134447,151.4346555,353.8911488,14.07720989,255.6158989,255.6158989
3,3_NH,NH,2022,224.2308146,36.0600121,65.05925084,123.1115517,359.1387603,29.13603587,111.6285053,218.3742191,260.5604383,34.04443832,151.4346555,151.4346555
3,3_NH,NH,2023,386.4374342,46.85387992,48.514,291.0695543,224.2308146,36.0600121,65.05925084,123.1115517,359.1387603,29.13603587,218.3742191,218.3742191
4,4_NH,NH,2011,276.6643179,11.16411738,49.022,216.4782005,NA,NA,NA,NA,NA,NA,NA,NA
4,4_NH,NH,2012,195.2331886,88.33145268,18.288,88.61373596,276.6643179,11.16411738,49.022,216.4782005,NA,NA,NA,NA
4,4_NH,NH,2013,260.8087175,69.74913859,26.416,164.6435789,195.2331886,88.33145268,18.288,88.61373596,276.6643179,11.16411738,216.4782005,216.4782005
4,4_NH,NH,2014,489.463308,211.3606548,76.2,201.9026531,260.8087175,69.74913859,26.416,164.6435789,195.2331886,88.33145268,88.61373596,88.61373596
4,4_NH,NH,2015,408.73455,63.13009387,60.198,285.4064561,489.463308,211.3606548,76.2,201.9026531,260.8087175,69.74913859,164.6435789,164.6435789
4,4_NH,NH,2016,255.2548333,65.58530543,71.374,118.2955279,408.73455,63.13009387,60.198,285.4064561,489.463308,211.3606548,201.9026531,201.9026531
4,4_NH,NH,2017,252.8918191,35.8919113,55.88,161.1199078,255.2548333,65.58530543,71.374,118.2955279,408.73455,63.13009387,285.4064561,285.4064561
4,4_NH,NH,2018,298.3862985,80.82629965,53.34,164.2199988,252.8918191,35.8919113,55.88,161.1199078,255.2548333,65.58530543,118.2955279,118.2955279
4,4_NH,NH,2019,353.2755566,14.03293458,83.77367963,255.4689424,298.3862985,80.82629965,53.34,164.2199988,252.8918191,35.8919113,161.1199078,161.1199078
4,4_NH,NH,2020,260.0897077,34.05526568,74.41309617,151.6213458,353.2755566,14.03293458,83.77367963,255.4689424,298.3862985,80.82629965,164.2199988,164.2199988
4,4_NH,NH,2021,354.2032316,28.69192948,111.5912699,213.9200323,260.0897077,34.05526568,74.41309617,151.6213458,353.2755566,14.03293458,255.4689424,255.4689424
4,4_NH,NH,2022,221.4379253,35.05403826,64.75052173,121.6333653,354.2032316,28.69192948,111.5912699,213.9200323,260.0897077,34.05526568,151.6213458,151.6213458
4,4_NH,NH,2023,384.3766963,45.57252658,48.514,290.2901697,221.4379253,35.05403826,64.75052173,121.6333653,354.2032316,28.69192948,213.9200323,213.9200323
