pairblock,pair,block,water.yr,ecosite,plot,x,y,wspg,c3pg,forb,total.mass,wyr.ppt,f.ppt,cs.ppt,gs.ppt,sp.ppt,lag.wyr,lag.f,lag.cs,lag.gs,lag2.f,lag2.cs,lag2.gs,lag.mass,total.mass.dm,wspg.dm,c3pg.dm,forb.dm
1_1,1,1,2013,Loamy,1,519921,4521005,464.8883333,188.5704167,72.4775,812.8558333,269.1943096,71.77155439,26.416,171.0067552,123.4886072,194.5758484,89.06914,18.288,87.21870837,10.89908108,213.4488261,213.4488261,NA,-185.9620833,51.35768939,13.5107197,-124.3305682
1_1,1,1,2014,Loamy,1,519921,4521005,462.04125,118.5375,444.01125,1691.6175,483.2159206,215.8998164,76.2,191.1161042,145.1044168,269.1943096,71.77155439,26.416,171.0067552,89.06914,87.21870837,87.21870837,812.8558333,692.7995833,48.51060606,-56.52219697,247.2031818
1_1,1,1,2015,Loamy,1,519921,4521005,613.00625,81.60375,592.55375,1412.36125,408.5682595,68.77528336,60.198,279.5949762,250.0411937,483.2159206,215.8998164,76.2,191.1161042,71.77155439,171.0067552,171.0067552,1691.6175,413.5433333,199.4756061,-93.45594697,395.7456818
1_1,1,1,2016,Loamy,1,519921,4521005,345.925,78.10625,74.13625,1025.59875,254.0943061,65.13361475,71.374,117.5866913,113.6155971,408.5682595,68.77528336,60.198,279.5949762,215.8998164,191.1161042,191.1161042,1412.36125,26.78083333,-67.60564394,-96.95344697,-122.6718182
1_1,1,1,2017,Loamy,1,519921,4521005,374.91875,67.88,99.095,658.4075,264.4816944,38.18225012,55.88,170.4194442,152.8077967,254.0943061,65.13361475,71.374,117.5866913,68.77528336,279.5949762,279.5949762,1025.59875,-340.4104167,-38.61189394,-107.179697,-97.71306818
1_1,1,1,2018,Loamy,1,519921,4521005,261.0925,267.95375,40.2975,735.7125,300.5689018,81.99948074,53.34,165.2294211,161.3609448,264.4816944,38.18225012,55.88,170.4194442,65.13361475,117.5866913,117.5866913,658.4075,-263.1054167,-152.4381439,92.89405303,-156.5105682
1_1,1,1,2019,Loamy,1,519921,4521005,502.54625,306.55625,403.30375,1357.06,362.0280507,15.27239133,86.39123561,260.3644237,296.2613047,300.5689018,81.99948074,53.34,165.2294211,38.18225012,170.4194442,170.4194442,735.7125,358.2420833,89.01560606,131.496553,206.4956818
1_1,1,1,2020,Loamy,1,519921,4521005,257.47125,211.27375,14.5175,484.05,266.6949862,33.25180276,77.94364746,155.499536,176.8591546,362.0280507,15.27239133,86.39123561,260.3644237,81.99948074,165.2294211,165.2294211,1357.06,-514.7679167,-156.0593939,36.21405303,-182.2905682
1_1,1,1,2021,Loamy,1,519921,4521005,211.86125,289.785,273.24875,1259.14625,360.2626014,29.64857176,112.1655944,218.4484353,241.1730079,266.6949862,33.25180276,77.94364746,155.499536,15.27239133,260.3644237,260.3644237,484.05,260.3283333,-201.6693939,114.725303,76.44068182
1_1,1,1,2022,Loamy,1,519921,4521005,59.8075,33.51,15.74875,123.685,228.1413607,38.71112989,65.07751588,124.3527149,91.434407,360.2626014,29.64857176,112.1655944,218.4484353,33.25180276,155.499536,155.499536,1259.14625,-875.1329167,-353.7231439,-141.549697,-181.0593182
1_1,1,1,2023,Loamy,1,519921,4521005,995.27875,281.88,135.49875,1426.5025,404.6222919,46.45298693,48.514,309.655305,226.4553961,228.1413607,38.71112989,65.07751588,124.3527149,29.64857176,218.4484353,218.4484353,123.685,427.6845833,581.7481061,106.820303,-61.30931818
1_10,1,10,2013,Sandy,1,526009.5,4518220,200.11875,871.87625,3.207083333,1075.202083,263.3575812,75.32259978,26.416,161.6189814,115.7071391,203.6830125,76.65623937,18.288,108.7387731,6.199941721,234.1170089,234.1170089,NA,-289.4498106,-49.22159091,51.61113636,-290.7366288
1_10,1,10,2014,Sandy,1,526009.5,4518220,305.2225,1484.07375,62.63125,1855.4925,461.6883624,179.1973933,76.2,206.2909691,141.7272283,263.3575812,75.32259978,26.416,161.6189814,76.65623937,108.7387731,108.7387731,1075.202083,490.8406061,55.88215909,663.8086364,-231.3124621
1_10,1,10,2015,Sandy,1,526009.5,4518220,255.77625,1084.46375,166.505,1507.08125,365.3355483,69.65912707,60.198,235.4784212,212.9009509,461.6883624,179.1973933,76.2,206.2909691,75.32259978,161.6189814,161.6189814,1855.4925,142.4293561,6.435909091,264.1986364,-127.4387121
1_10,1,10,2016,Sandy,1,526009.5,4518220,140.7375,1033.87375,67.20625,1241.8175,226.4616299,55.90193669,71.374,99.18569321,101.3951621,365.3355483,69.65912707,60.198,235.4784212,179.1973933,206.2909691,206.2909691,1507.08125,-122.8343939,-108.6028409,213.6086364,-226.7374621
1_10,1,10,2017,Sandy,1,526009.5,4518220,137.17375,731.475,197.2475,1065.89625,290.2393781,52.32679792,55.88,182.0325802,149.9629031,226.4616299,55.90193669,71.374,99.18569321,69.65912707,235.4784212,235.4784212,1241.8175,-298.7556439,-112.1665909,-88.79011364,-96.69621212
1_10,1,10,2018,Sandy,1,526009.5,4518220,145.37875,930.405,9.12125,1089.91125,280.3717543,76.90197522,53.34,150.1297791,148.4676588,290.2393781,52.32679792,55.88,182.0325802,55.90193669,99.18569321,99.18569321,1065.89625,-274.7406439,-103.9615909,110.1398864,-284.8224621
1_10,1,10,2019,Sandy,1,526009.5,4518220,189.39125,548.97625,776.495,1518.085,335.403605,18.90398541,89.50717282,226.9924468,281.2904321,280.3717543,76.90197522,53.34,150.1297791,52.32679792,182.0325802,182.0325802,1089.91125,153.4331061,-59.94909091,-271.2888636,482.5512879
1_10,1,10,2020,Sandy,1,526009.5,4518220,42.5975,418.03,2.7725,463.4,259.2032982,33.60951382,85.31974314,140.2740412,178.6944467,335.403605,18.90398541,89.50717282,226.9924468,76.90197522,150.1297791,150.1297791,1518.085,-901.2518939,-206.7428409,-402.2351136,-291.1712121
1_10,1,10,2021,Sandy,1,526009.5,4518220,564.8375,858.6425,703.64375,2127.12375,473.9868809,24.35214957,111.9022728,337.7324585,360.6960153,259.2032982,33.60951382,85.31974314,140.2740412,18.90398541,226.9924468,226.9924468,463.4,762.4718561,315.4971591,38.37738636,409.7000379
1_10,1,10,2022,Sandy,1,526009.5,4518220,90.43125,203.05375,9.52625,303.01125,278.1562772,42.20461426,67.85819604,168.0934669,110.212492,473.9868809,24.35214957,111.9022728,337.7324585,33.60951382,140.2740412,140.2740412,2127.12375,-1061.640644,-158.9090909,-617.2113636,-284.4174621
1_10,1,10,2023,Sandy,1,526009.5,4518220,671.07875,858.04625,1235.025,2764.15,460.7148912,45.93715786,48.514,366.2637334,274.8917158,278.1562772,42.20461426,67.85819604,168.0934669,24.35214957,337.7324585,337.7324585,303.01125,1399.498106,421.7384091,37.78113636,941.0812879
1_2,1,2,2013,Loamy,1,520907.5,4518530,348.6175,30.2725,37.13625,473.47875,251.717767,68.75664907,26.416,156.545118,120.1571314,209.7334116,89.32465504,18.288,102.1207566,8.871093184,212.7122678,212.7122678,NA,-602.6625,-20.55659091,-302.9110227,-171.8286364
1_2,1,2,2014,Loamy,1,520907.5,4518530,398.87,345.92625,88.87,959.17375,495.1961258,192.2912754,76.2,226.7048504,169.480578,251.717767,68.75664907,26.416,156.545118,89.32465504,102.1207566,102.1207566,473.47875,-116.9675,29.69590909,12.74272727,-120.0948864
1_2,1,2,2015,Loamy,1,520907.5,4518530,705.23625,334.55625,132.12625,1210.80375,403.6804784,72.41387553,60.198,271.0686029,243.5254796,495.1961258,192.2912754,76.2,226.7048504,68.75664907,156.545118,156.545118,959.17375,134.6625,336.0621591,1.372727273,-76.83863636
1_2,1,2,2016,Loamy,1,520907.5,4518530,273.67375,194.69125,106.09125,826.33375,238.7595351,59.25637027,71.374,108.1291648,106.7979199,403.6804784,72.41387553,60.198,271.0686029,192.2912754,226.7048504,226.7048504,1210.80375,-249.8075,-95.50034091,-138.4922727,-102.8736364
1_2,1,2,2017,Loamy,1,520907.5,4518530,410.03875,418.985,78.3075,916.69125,297.3783207,47.53684354,55.88,193.9614772,161.9171712,238.7595351,59.25637027,71.374,108.1291648,72.41387553,271.0686029,271.0686029,826.33375,-159.45,40.86465909,85.80147727,-130.6573864
1_2,1,2,2018,Loamy,1,520907.5,4518530,207.80875,187.89875,131.65625,771.165,300.6359966,87.33101658,53.34,159.96498,156.797156,297.3783207,47.53684354,55.88,193.9614772,59.25637027,108.1291648,108.1291648,916.69125,-304.97625,-161.3653409,-145.2847727,-77.30863636
1_2,1,2,2019,Loamy,1,520907.5,4518530,253.665,662.31,198.1025,1360.23375,349.0078044,14.74617769,90.68522064,243.5764061,289.406232,300.6359966,87.33101658,53.34,159.96498,47.53684354,193.9614772,193.9614772,771.165,284.0925,-115.5090909,329.1264773,-10.86238636
1_2,1,2,2020,Loamy,1,520907.5,4518530,131.16625,286.84625,12.075,457.77625,283.0229893,39.26036575,81.8956787,161.8669448,192.2018163,349.0078044,14.74617769,90.68522064,243.5764061,87.33101658,159.96498,159.96498,1360.23375,-618.365,-238.0078409,-46.33727273,-196.8898864
1_2,1,2,2021,Loamy,1,520907.5,4518530,337.5025,344.63875,55.415,1101.48375,399.8447732,32.18548407,113.391358,254.2679311,293.0502482,283.0229893,39.26036575,81.8956787,161.8669448,14.74617769,243.5764061,243.5764061,457.77625,25.3425,-31.67159091,11.45522727,-153.5498864
1_2,1,2,2022,Loamy,1,520907.5,4518530,73.37,59.65875,53.10625,189.0475,249.1715466,49.36662593,65.93573677,133.8691839,103.1883576,399.8447732,32.18548407,113.391358,254.2679311,39.26036575,161.8669448,161.8669448,1101.48375,-887.09375,-295.8040909,-273.5247727,-155.8586364
1_2,1,2,2023,Loamy,1,520907.5,4518530,920.96625,799.235,1405.7275,3571.36625,414.0712792,51.451647,48.514,314.1056322,248.748445,249.1715466,49.36662593,65.93573677,133.8691839,32.18548407,254.2679311,254.2679311,189.0475,2495.225,551.7921591,466.0514773,1196.762614
1_3,1,3,2013,Loamy,1,521654.5,4517675,342.96625,98.8275,73.53,602.915,257.7547556,74.24772008,26.416,157.0910356,119.7433518,208.6205757,89.45700421,18.288,100.8755715,8.993120906,209.4096845,209.4096845,NA,-470.3555682,-227.1510227,6.060227273,-183.4123864
1_3,1,3,2014,Loamy,1,521654.5,4517675,470.3175,23.075,401.695,1386.7975,491.8121772,190.1693909,76.2,225.4427863,165.0905071,257.7547556,74.24772008,26.416,157.0910356,89.45700421,100.8755715,100.8755715,602.915,313.5269318,-99.79977273,-69.69227273,144.7526136
1_3,1,3,2015,Loamy,1,521654.5,4517675,421.405,71.175,1104.98375,1673.18,403.1055063,77.50483031,60.198,265.402676,236.8135613,491.8121772,190.1693909,76.2,225.4427863,74.24772008,157.0910356,157.0910356,1386.7975,599.9094318,-148.7122727,-21.59227273,848.0413636
1_3,1,3,2016,Loamy,1,521654.5,4517675,204.985,104.745,43.99875,635.0725,235.5116937,57.82159538,71.374,106.3160984,105.4289672,403.1055063,77.50483031,60.198,265.402676,190.1693909,225.4427863,225.4427863,1673.18,-438.1980682,-365.1322727,11.97772727,-212.9436364
1_3,1,3,2017,Loamy,1,521654.5,4517675,748.8325,120.55625,229.3375,1135.05375,296.539084,44.25111641,55.88,196.4079676,160.5919505,235.5116937,57.82159538,71.374,106.3160984,77.50483031,265.402676,265.402676,635.0725,61.78318182,178.7152273,27.78897727,-27.60488636
1_3,1,3,2018,Loamy,1,521654.5,4517675,216.08375,124.7275,167.04375,673.14875,300.8082706,86.86360325,53.34,160.6046674,159.723307,296.539084,44.25111641,55.88,196.4079676,57.82159538,106.3160984,106.3160984,1135.05375,-400.1218182,-354.0335227,31.96022727,-89.89863636
1_3,1,3,2019,Loamy,1,521654.5,4517675,379.6625,125.715,381.89625,1039.37625,339.1809203,12.97220919,88.81329634,237.3954148,281.3431044,300.8082706,86.86360325,53.34,160.6046674,44.25111641,196.4079676,196.4079676,673.14875,-33.89431818,-190.4547727,32.94772727,124.9538636
1_3,1,3,2020,Loamy,1,521654.5,4517675,246.47375,22.48375,12.8225,293.755,307.48487,42.25844431,78.50406391,186.7223617,193.6142311,339.1809203,12.97220919,88.81329634,237.3954148,86.86360325,160.6046674,160.6046674,1039.37625,-779.5155682,-323.6435227,-70.28352273,-244.1198864
1_3,1,3,2021,Loamy,1,521654.5,4517675,1100.76375,70.00625,255.15125,1776.6625,421.929983,26.50986381,115.9279972,279.492122,312.133742,307.48487,42.25844431,78.50406391,186.7223617,12.97220919,237.3954148,237.3954148,293.755,703.3919318,530.6464773,-22.76102273,-1.791136364
1_3,1,3,2022,Loamy,1,521654.5,4517675,273.45,13.83875,10.6225,297.91125,236.7670522,53.05030424,66.08967674,117.6270712,92.78496496,421.929983,26.50986381,115.9279972,279.492122,42.25844431,186.7223617,186.7223617,1776.6625,-775.3593182,-296.6672727,-78.92852273,-246.3198864
1_3,1,3,2023,Loamy,1,521654.5,4517675,1866.35,245.29,145.285,2292.10375,373.8206048,36.59156484,48.514,288.7150399,230.0277902,236.7670522,53.05030424,66.08967674,117.6270712,26.50986381,279.492122,279.492122,297.91125,1218.833182,1296.232727,152.5227273,-111.6573864
1_4,1,4,2013,Loamy,1,523697.5,4517575,321.775,86.17875,21.99875,474.48875,246.6532358,68.26369959,26.416,151.9735362,115.8922137,203.3581358,79.02447887,18.288,106.0456569,7.260457053,204.622321,204.622321,NA,-368.1692424,-216.7143182,-39.23594697,-37.91356061
1_4,1,4,2014,Loamy,1,523697.5,4517575,349.8275,21.99875,165.42875,768.67875,489.4657628,184.7593528,76.2,228.50641,156.8470707,246.6532358,68.26369959,26.416,151.9735362,79.02447887,106.0456569,106.0456569,474.48875,-73.97924242,-188.6618182,-103.415947,105.5164394
1_4,1,4,2015,Loamy,1,523697.5,4517575,857.0775,79.0475,141.2075,1168.5575,398.2410462,78.30905706,60.198,259.7339891,233.3999836,489.4657628,184.7593528,76.2,228.50641,68.26369959,151.9735362,151.9735362,768.67875,325.8995076,318.5881818,-46.36719697,81.29518939
1_4,1,4,2016,Loamy,1,523697.5,4517575,514.98625,135.9616667,5.807916667,944.0179167,232.7256114,57.51960871,71.374,103.8320027,106.5023756,398.2410462,78.30905706,60.198,259.7339891,184.7593528,228.50641,228.50641,1168.5575,101.3599242,-23.50306818,10.5469697,-54.10439394
1_4,1,4,2017,Loamy,1,523697.5,4517575,528.2375,172.89375,53.07875,756.71875,297.1643602,51.85823697,55.88,189.4261233,150.5629818,232.7256114,57.51960871,71.374,103.8320027,78.30905706,259.7339891,259.7339891,944.0179167,-85.93924242,-10.25181818,47.47905303,-6.833560606
1_4,1,4,2018,Loamy,1,523697.5,4517575,210.09875,61.82625,3.96875,403.11125,292.9937013,81.84152919,53.34,157.8121722,157.4295051,297.1643602,51.85823697,55.88,189.4261233,57.51960871,103.8320027,103.8320027,756.71875,-439.5467424,-328.3905682,-63.58844697,-55.94356061
1_4,1,4,2019,Loamy,1,523697.5,4517575,589.78625,129.2125,142.76875,970.2,331.6601696,14.8248895,91.21718774,225.6180923,275.5485284,292.9937013,81.84152919,53.34,157.8121722,51.85823697,189.4261233,189.4261233,403.11125,127.5420076,51.29693182,3.79780303,82.85643939
1_4,1,4,2020,Loamy,1,523697.5,4517575,135.6725,54.49875,0.88125,191.0525,272.8037283,43.86876687,81.93437483,147.0005866,179.0479094,331.6601696,14.8248895,91.21718774,225.6180923,81.84152919,157.8121722,157.8121722,970.2,-651.6054924,-402.8168182,-70.91594697,-59.03106061
1_4,1,4,2021,Loamy,1,523697.5,4517575,935.08125,398.6875,6.6275,1747.5475,455.5627552,30.76960998,113.1878523,311.6052929,343.0365448,272.8037283,43.86876687,81.93437483,147.0005866,14.8248895,225.6180923,225.6180923,191.0525,904.8895076,396.5919318,273.272803,-53.28481061
1_4,1,4,2022,Loamy,1,523697.5,4517575,337.32125,51.97,2.16625,393.13375,289.8722995,56.3882079,68.21139013,165.2727015,115.2909347,455.5627552,30.76960998,113.1878523,311.6052929,43.86876687,147.0005866,147.0005866,1747.5475,-449.5242424,-201.1680682,-73.44469697,-57.74606061
1_4,1,4,2023,Loamy,1,523697.5,4517575,1143.51875,187.28625,115.10125,1451.73125,400.4125824,46.40911598,48.514,305.4894664,244.4639643,289.8722995,56.3882079,68.21139013,165.2727015,30.76960998,311.6052929,311.6052929,393.13375,609.0732576,605.0294318,61.87155303,55.18893939
1_5,1,5,2013,Loamy,1,524788,4516050,398.26375,148.14,68.15,614.55375,250.465094,69.47036336,26.416,154.5787306,115.533606,204.4941105,78.75898886,18.288,107.4471217,8.298952567,217.6998158,217.6998158,NA,-339.0957955,-130.9114773,50.41840909,-107.0914773
1_5,1,5,2014,Loamy,1,524788,4516050,385.14375,187.965,110.3975,980.4575,470.1996266,172.3732081,76.2,221.6264185,145.0952382,250.465094,69.47036336,26.416,154.5787306,78.75898886,107.4471217,107.4471217,614.55375,26.80795455,-144.0314773,90.24340909,-64.84397727
1_5,1,5,2015,Loamy,1,524788,4516050,1065.36,129.16625,118.605,1542.74,392.0360631,71.97917932,60.198,259.8588838,228.2177269,470.1996266,172.3732081,76.2,221.6264185,69.47036336,154.5787306,154.5787306,980.4575,589.0904545,536.1847727,31.44465909,-56.63647727
1_5,1,5,2016,Loamy,1,524788,4516050,414.47875,57.65375,16.4825,732.015,222.341613,54.69966056,71.374,96.26795245,101.6884284,392.0360631,71.97917932,60.198,259.8588838,172.3732081,221.6264185,221.6264185,1542.74,-221.6345455,-114.6964773,-40.06784091,-158.7589773
1_5,1,5,2017,Loamy,1,524788,4516050,599.61625,87.5225,160.58375,1008.375,283.822865,45.20563944,55.88,182.7372256,152.1302591,222.341613,54.69966056,71.374,96.26795245,71.97917932,259.8588838,259.8588838,732.015,54.72545455,70.44102273,-10.19909091,-14.65772727
1_5,1,5,2018,Loamy,1,524788,4516050,249.05125,72.18375,37.60625,606.74875,272.733336,76.96064604,53.34,142.4326899,145.2448403,283.822865,45.20563944,55.88,182.7372256,54.69966056,96.26795245,96.26795245,1008.375,-346.9007955,-280.1239773,-25.53784091,-137.6352273
1_5,1,5,2019,Loamy,1,524788,4516050,263.68,47.81875,766.0225,1274.98625,339.1879021,12.36358362,99.83672372,226.9875948,284.9932464,272.733336,76.96064604,53.34,142.4326899,45.20563944,182.7372256,182.7372256,606.74875,321.3367045,-265.4952273,-49.90284091,590.7810227
1_5,1,5,2020,Loamy,1,524788,4516050,281.59125,15.64125,66.81,366.4175,278.1260707,38.43740376,84.85926931,154.8293976,175.2814204,339.1879021,12.36358362,99.83672372,226.9875948,76.96064604,142.4326899,142.4326899,1274.98625,-587.2320455,-247.5839773,-82.08034091,-108.4314773
1_5,1,5,2021,Loamy,1,524788,4516050,919.64875,243.44625,189.4175,1640.77625,427.1026899,25.64610166,113.6256126,287.8309756,311.2233506,278.1260707,38.43740376,84.85926931,154.8293976,12.36358362,226.9875948,226.9875948,366.4175,687.1267045,390.4735227,145.7246591,14.17602273
1_5,1,5,2022,Loamy,1,524788,4516050,170.29875,45.895,31.16875,247.3625,277.4905999,48.45854693,67.54262345,161.4894296,112.6185133,427.1026899,25.64610166,113.6256126,287.8309756,38.43740376,154.8293976,154.8293976,1640.77625,-706.2870455,-358.8764773,-51.82659091,-144.0727273
1_5,1,5,2023,Loamy,1,524788,4516050,1073.795,39.505,362.4125,1475.7125,400.9138563,44.18084656,48.514,308.2190097,242.2804929,277.4905999,48.45854693,67.54262345,161.4894296,25.64610166,287.8309756,287.8309756,247.3625,522.0629545,544.6197727,-58.21659091,187.1710227
1_6,1,6,2013,Sandy,1,524252.5,4519575,282.955,351.575,320.69875,955.22875,256.2838098,69.90651158,26.416,159.9612982,117.446657,192.7626304,83.49870606,18.288,90.97592433,4.021430107,217.5350977,217.5350977,NA,-473.8644318,21.68375,-379.6294318,-19.63261364
1_6,1,6,2014,Sandy,1,524252.5,4519575,469.7775,938.75,466.01125,1899.9,465.3615646,188.3956313,76.2,200.7659334,149.3243577,256.2838098,69.90651158,26.416,159.9612982,83.49870606,90.97592433,90.97592433,955.22875,470.8068182,208.50625,207.5455682,125.6798864
1_6,1,6,2015,Sandy,1,524252.5,4519575,275.48875,1062.0625,404.925,1775.10375,382.5976955,77.69404206,60.198,244.7056535,223.1798761,465.3615646,188.3956313,76.2,200.7659334,69.90651158,159.9612982,159.9612982,1899.9,346.0105682,14.2175,330.8580682,64.59363636
1_6,1,6,2016,Sandy,1,524252.5,4519575,103.40125,714.79,11.50375,1013.55625,232.6709637,57.59242877,71.374,103.704535,104.5158022,382.5976955,77.69404206,60.198,244.7056535,188.3956313,200.7659334,200.7659334,1775.10375,-415.5369318,-157.87,-16.41443182,-328.8276136
1_6,1,6,2017,Sandy,1,524252.5,4519575,133.60625,804.33375,318.41125,1616.98875,313.9270864,55.90605771,55.88,202.1410287,155.2348622,232.6709637,57.59242877,71.374,103.704535,77.69404206,244.7056535,244.7056535,1013.55625,187.8955682,-127.665,73.12931818,-21.92011364
1_6,1,6,2018,Sandy,1,524252.5,4519575,52.61,1047.935,31.015,1302.4375,301.8334957,79.87383596,53.34,168.6196597,166.3180034,313.9270864,55.90605771,55.88,202.1410287,57.59242877,103.704535,103.704535,1616.98875,-126.6556818,-208.66125,316.7305682,-309.3163636
1_6,1,6,2019,Sandy,1,524252.5,4519575,113.7875,682.15625,975.35375,1889.035,342.0237859,16.14690558,83.17569305,242.7011873,290.013254,301.8334957,79.87383596,53.34,168.6196597,55.90605771,202.1410287,202.1410287,1302.4375,459.9418182,-147.48375,-49.04818182,635.0223864
1_6,1,6,2020,Sandy,1,524252.5,4519575,116.64125,344.79,49.15,521.7225,275.2228548,31.18102329,83.82823973,160.2135917,197.1572226,342.0237859,16.14690558,83.17569305,242.7011873,79.87383596,168.6196597,168.6196597,1889.035,-907.3706818,-144.63,-386.4144318,-291.1813636
1_6,1,6,2021,Sandy,1,524252.5,4519575,271.78875,1078.625,460.03125,1963.6425,374.7219185,26.23829253,113.7011406,234.7824854,265.2979555,275.2228548,31.18102329,83.82823973,160.2135917,16.14690558,242.7011873,242.7011873,521.7225,534.5493182,10.5175,347.4205682,119.6998864
1_6,1,6,2022,Sandy,1,524252.5,4519575,64.31375,208.58375,16.2875,290.2275,257.7607543,41.16207739,67.34933603,149.2493409,102.6834981,374.7219185,26.23829253,113.7011406,234.7824854,31.18102329,160.2135917,160.2135917,1963.6425,-1138.865682,-196.9575,-522.6206818,-324.0438636
1_6,1,6,2023,Sandy,1,524252.5,4519575,989.61375,809.6475,690.2575,2492.1825,422.7954265,50.07582948,48.514,324.2055971,239.3170614,257.7607543,41.16207739,67.34933603,149.2493409,26.23829253,234.7824854,234.7824854,290.2275,1063.089318,728.3425,78.44306818,349.9261364
1_7,1,7,2013,Loamy,1,524369,4521440,805.9475,9.015,174.91375,989.87625,278.9581303,74.57751504,26.416,177.9646153,122.8049336,217.0897608,91.50200294,18.288,107.2997579,4.60647677,221.7969408,221.7969408,NA,-103.5035227,163.3239773,-182.4755682,-38.66977273
1_7,1,7,2014,Loamy,1,524369,4521440,967.675,155.8075,204.64875,1494.76875,447.3686994,183.9594867,76.2,187.2092127,135.020485,278.9581303,74.57751504,26.416,177.9646153,91.50200294,107.2997579,107.2997579,989.87625,401.3889773,325.0514773,-35.68306818,-8.934772727
1_7,1,7,2015,Loamy,1,524369,4521440,696.96375,234.385,26.3725,963.84375,382.0638555,67.87178868,60.198,253.9940669,232.1736652,447.3686994,183.9594867,76.2,187.2092127,74.57751504,177.9646153,177.9646153,1494.76875,-129.5360227,54.34022727,42.89443182,-187.2110227
1_7,1,7,2016,Loamy,1,524369,4521440,353.5275,557.705,22.60375,1046.45375,244.3327701,61.80180348,71.374,111.1569666,109.7098886,382.0638555,67.87178868,60.198,253.9940669,183.9594867,187.2092127,187.2092127,963.84375,-46.92602273,-289.0960227,366.2144318,-190.9797727
1_7,1,7,2017,Loamy,1,524369,4521440,811.665,178.07625,54.08875,1135.83375,333.5671588,72.28135309,55.88,205.4058057,158.778582,244.3327701,61.80180348,71.374,111.1569666,67.87178868,253.9940669,253.9940669,1046.45375,42.45397727,169.0414773,-13.41431818,-159.4947727
1_7,1,7,2018,Loamy,1,524369,4521440,226.5125,106.29375,70.57125,426.7875,306.8629936,79.5807373,53.34,173.9422563,169.5968194,333.5671588,72.28135309,55.88,205.4058057,61.80180348,111.1569666,111.1569666,1135.83375,-666.5922727,-416.1110227,-85.19681818,-143.0122727
1_7,1,7,2019,Loamy,1,524369,4521440,676.55125,116.77625,308.22375,1106.0725,341.1964164,18.11148538,73.9846578,249.1002732,290.1600767,306.8629936,79.5807373,53.34,173.9422563,72.28135309,205.4058057,205.4058057,426.7875,12.69272727,33.92772727,-74.71431818,94.64022727
1_7,1,7,2020,Loamy,1,524369,4521440,269.865,200.8225,8.18625,478.87375,259.2394646,30.13589863,80.39683515,148.7067308,180.396263,341.1964164,18.11148538,73.9846578,249.1002732,79.5807373,173.9422563,173.9422563,1106.0725,-614.5060227,-372.7585227,9.331931818,-205.3972727
1_7,1,7,2021,Loamy,1,524369,4521440,625.30125,329.11375,298.195,1271.03625,346.4842745,26.05322797,114.1318718,206.2991747,242.7349188,259.2394646,30.13589863,80.39683515,148.7067308,18.11148538,249.1002732,249.1002732,478.87375,177.6564773,-17.32227273,137.6231818,84.61147727
1_7,1,7,2022,Loamy,1,524369,4521440,242.55125,109.18,176.67625,591.03375,299.3242301,37.42094148,66.37551615,195.5277725,103.6943431,346.4842745,26.05322797,114.1318718,206.2991747,30.13589863,148.7067308,148.7067308,1271.03625,-502.3460227,-400.0722727,-82.31056818,-36.90727273
1_7,1,7,2023,Loamy,1,524369,4521440,1392.29875,109.22125,1004.93875,2522.5975,404.6145809,45.20497033,48.514,310.8956106,208.570468,299.3242301,37.42094148,66.37551615,195.5277725,26.05322797,206.2991747,206.2991747,591.03375,1429.217727,749.6752273,-82.26931818,791.3552273
1_8,1,8,2013,Loamy,1,526644,4522235,707.79375,173.50125,17.4925,903.9,286.7093599,74.79982896,26.416,185.4935309,120.4410307,216.5431582,85.53937132,18.288,112.7157868,6.348155139,231.3020231,231.3020231,NA,-259.3721212,340.8557955,-188.0025,-270.1391288
1_8,1,8,2014,Loamy,1,526644,4522235,407.6175,429.34625,274.4775,1248.54625,424.9486932,166.3599442,76.2,182.3887491,119.7083891,286.7093599,74.79982896,26.416,185.4935309,85.53937132,112.7157868,112.7157868,903.9,85.27412879,40.67954545,67.8425,-13.15412879
1_8,1,8,2015,Loamy,1,526644,4522235,444.55125,541.35625,164.8454167,1212.555833,383.439074,66.85243249,60.198,256.3886415,228.8903021,424.9486932,166.3599442,76.2,182.3887491,74.79982896,185.4935309,185.4935309,1248.54625,49.28371212,77.61329545,179.8525,-122.7862121
1_8,1,8,2016,Loamy,1,526644,4522235,286.05125,415.3525,31.6875,856.8775,244.8170203,62.51031882,71.374,110.9327015,103.2912007,383.439074,66.85243249,60.198,256.3886415,166.3599442,182.3887491,182.3887491,1212.555833,-306.3946212,-80.88670455,53.84875,-255.9441288
1_8,1,8,2017,Loamy,1,526644,4522235,496.82375,566.4525,154.05875,1404.8275,325.7897742,86.60349833,55.88,183.3062759,156.6019561,244.8170203,62.51031882,71.374,110.9327015,66.85243249,256.3886415,256.3886415,856.8775,241.5553788,129.8857955,204.94875,-133.5728788
1_8,1,8,2018,Loamy,1,526644,4522235,248.78,227.85875,55.165,702.41125,322.7169922,86.29310613,53.34,183.083886,175.3598796,325.7897742,86.60349833,55.88,183.3062759,62.51031882,110.9327015,110.9327015,1404.8275,-460.8608712,-118.1579545,-133.645,-232.4666288
1_8,1,8,2019,Loamy,1,526644,4522235,234.525,386.0475,479.2375,1318.715,356.481948,20.84022677,72.54748543,263.0942357,299.3973209,322.7169922,86.29310613,53.34,183.083886,86.60349833,183.3062759,183.3062759,702.41125,155.4428788,-132.4129545,24.54375,191.6058712
1_8,1,8,2020,Loamy,1,526644,4522235,68.64,300.99875,20.08125,490.60375,299.1493947,51.00205175,79.81046593,168.336877,192.7732885,356.481948,20.84022677,72.54748543,263.0942357,86.29310613,183.083886,183.083886,1318.715,-672.6683712,-298.2979545,-60.505,-267.5503788
1_8,1,8,2021,Loamy,1,526644,4522235,314.52875,514.56375,330.75375,1480.9275,377.543933,24.64584094,112.7619569,240.1361351,265.1071982,299.1493947,51.00205175,79.81046593,168.336877,20.84022677,263.0942357,263.0942357,490.60375,317.6553788,-52.40920455,153.06,43.12212121
1_8,1,8,2022,Loamy,1,526644,4522235,69.9925,120.24,20.895,361.1975,288.8247888,37.9652161,66.31326659,184.5463061,102.0520942,377.543933,24.64584094,112.7619569,240.1361351,51.00205175,168.336877,168.336877,1480.9275,-802.0746212,-296.9454545,-241.26375,-266.7366288
1_8,1,8,2023,Loamy,1,526644,4522235,757.01375,300.82375,1615.25375,2815.43125,473.3536377,57.00458859,48.514,367.8350491,245.714038,288.8247888,37.9652161,66.31326659,184.5463061,24.64584094,240.1361351,240.1361351,361.1975,1652.159129,390.0757955,-60.68,1327.622121
1_9,1,9,2013,Loamy,1,525801.5,4520475,414.07375,237.48,33.0975,705.44,269.0812349,70.81656121,26.416,171.8486736,119.3334531,193.4931243,80.90750604,18.288,94.29761831,5.330572445,233.5470745,233.5470745,NA,-528.0609091,-128.6239773,-81.58568182,-170.7
1_9,1,9,2014,Loamy,1,525801.5,4520475,503.28,359.4475,18.02875,1183.89625,444.1841288,184.2565867,76.2,183.7275421,130.1628657,269.0812349,70.81656121,26.416,171.8486736,80.90750604,94.29761831,94.29761831,705.44,-49.60465909,-39.41772727,40.38181818,-185.76875
1_9,1,9,2015,Loamy,1,525801.5,4520475,791.95375,659.695,69.62625,1994.27875,376.607375,71.62642765,60.198,244.7829474,222.7324755,444.1841288,184.2565867,76.2,183.7275421,70.81656121,171.8486736,171.8486736,1183.89625,760.7778409,249.2560227,340.6293182,-134.17125
1_9,1,9,2016,Loamy,1,525801.5,4520475,229.67375,174.03875,16.2125,717.54625,239.0768371,59.95428007,71.374,107.7485571,105.16366,376.607375,71.62642765,60.198,244.7829474,184.2565867,183.7275421,183.7275421,1994.27875,-515.9546591,-313.0239773,-145.0269318,-187.585
1_9,1,9,2017,Loamy,1,525801.5,4520475,611.46,291.8375,71.0425,978.74,316.1914701,63.10310657,55.88,197.2083636,157.4426647,239.0768371,59.95428007,71.374,107.7485571,71.62642765,244.7829474,244.7829474,717.54625,-254.7609091,68.76227273,-27.22818182,-132.755
1_9,1,9,2018,Loamy,1,525801.5,4520475,476.7725,255.51,22.26875,1106.26,321.9896744,81.08021992,53.34,187.5694545,179.3692676,316.1914701,63.10310657,55.88,197.2083636,59.95428007,107.7485571,107.7485571,978.74,-127.2409091,-65.92522727,-63.55568182,-181.52875
1_9,1,9,2019,Loamy,1,525801.5,4520475,505.48,550.5225,252.01875,1353.6075,350.1300961,20.47506272,76.40073214,253.2543013,296.0031568,321.9896744,81.08021992,53.34,187.5694545,63.10310657,197.2083636,197.2083636,1106.26,120.1065909,-37.21772727,231.4568182,48.22125
1_9,1,9,2020,Loamy,1,525801.5,4520475,200.36875,99.345,40.85625,340.66375,285.7805306,35.63896562,79.88535313,170.2562119,199.8382234,350.1300961,20.47506272,76.40073214,253.2543013,81.08021992,187.5694545,187.5694545,1353.6075,-892.8371591,-342.3289773,-219.7206818,-162.94125
1_9,1,9,2021,Loamy,1,525801.5,4520475,777.40375,461.73125,265.08875,1773.18,391.2615549,23.80488272,112.708307,254.7483652,286.6236674,285.7805306,35.63896562,79.88535313,170.2562119,20.47506272,253.2543013,253.2543013,340.66375,539.6790909,234.7060227,142.6655682,61.29125
1_9,1,9,2022,Loamy,1,525801.5,4520475,177.13375,80.05,69.1125,326.29625,283.1270204,35.98093152,65.95430815,181.1917807,107.0992472,391.2615549,23.80488272,112.708307,254.7483652,35.63896562,170.2562119,170.2562119,1773.18,-907.2046591,-365.5639773,-239.0156818,-134.685
1_9,1,9,2023,Loamy,1,525801.5,4520475,1282.075,340.065,1384.42,3088.60125,447.7628033,46.56090411,48.514,352.6878992,248.6171628,283.1270204,35.98093152,65.95430815,181.1917807,23.80488272,254.7483652,254.7483652,326.29625,1855.100341,739.3772727,20.99931818,1180.6225
2_1,2,1,2013,Loamy,2,520012.5,4520800,760.00125,37.40375,28.6575,859.0275,267.9032674,72.02957013,26.416,169.4576973,122.7574962,194.9114567,89.04747001,18.288,87.57598671,10.61764969,214.1963342,214.1963342,NA,-111.6265909,263.2154545,-105.3117045,-63.1875
2_1,2,1,2014,Loamy,2,520012.5,4520800,830.16875,15.94375,223.41875,1292.68,481.9718816,215.1505329,76.2,190.6213487,145.5792974,267.9032674,72.02957013,26.416,169.4576973,89.04747001,87.57598671,87.57598671,859.0275,322.0259091,333.3829545,-126.7717045,131.57375
2_1,2,1,2015,Loamy,2,520012.5,4520800,970.36625,67.61,32.2225,1187.455,409.1161779,69.78735015,60.198,279.1308277,249.4365732,481.9718816,215.1505329,76.2,190.6213487,72.02957013,169.4576973,169.4576973,1292.68,216.8009091,473.5804545,-75.10545455,-59.6225
2_1,2,1,2016,Loamy,2,520012.5,4520800,400.55125,53.21375,16.61625,824.78375,253.1565975,65.19017664,71.374,116.5924208,112.8844981,409.1161779,69.78735015,60.198,279.1308277,215.1505329,190.6213487,190.6213487,1187.455,-145.8703409,-96.23454545,-89.50170455,-75.22875
2_1,2,1,2017,Loamy,2,520012.5,4520800,321.705,176.19125,69.8975,819.46125,266.7124512,36.33683711,55.88,174.4956141,155.7633082,253.1565975,65.19017664,71.374,116.5924208,69.78735015,279.1308277,279.1308277,824.78375,-151.1928409,-175.0807955,33.47579545,-21.9475
2_1,2,1,2018,Loamy,2,520012.5,4520800,236.8725,45.47875,33.86,721.06875,302.0231917,83.45924608,53.34,165.2239456,161.3521196,266.7124512,36.33683711,55.88,174.4956141,65.19017664,116.5924208,116.5924208,819.46125,-249.5853409,-259.9132955,-97.23670455,-57.985
2_1,2,1,2019,Loamy,2,520012.5,4520800,466.11125,280.13125,135.33,1314.48375,362.0701852,15.41512638,87.05347235,259.6015865,295.9659539,302.0231917,83.45924608,53.34,165.2239456,36.33683711,174.4956141,174.4956141,721.06875,343.8296591,-30.67454545,137.4157955,43.485
2_1,2,1,2020,Loamy,2,520012.5,4520800,201.945,72.92625,2.72375,457.05,268.0352674,32.93635066,78.94980648,156.1491102,179.1566426,362.0701852,15.41512638,87.05347235,259.6015865,83.45924608,165.2239456,165.2239456,1314.48375,-513.6040909,-294.8407955,-69.78920455,-89.12125
2_1,2,1,2021,Loamy,2,520012.5,4520800,199.61125,360.5925,157.4025,1348.31,363.7533099,30.2586249,112.1468447,221.3478403,243.0368149,268.0352674,32.93635066,78.94980648,156.1491102,15.41512638,259.6015865,259.6015865,457.05,377.6559091,-297.1745455,217.8770455,65.5575
2_1,2,1,2022,Loamy,2,520012.5,4520800,80.48125,22.69875,24.35875,127.92875,232.233943,39.71265005,65.70796327,126.8133297,91.7444833,363.7533099,30.2586249,112.1468447,221.3478403,32.93635066,156.1491102,156.1491102,1348.31,-842.7253409,-416.3045455,-120.0167045,-67.48625
2_1,2,1,2023,Loamy,2,520012.5,4520800,996.83,437.68,285.8075,1724.94625,406.2848139,47.44656562,48.514,310.3242483,227.5766005,232.233943,39.71265005,65.70796327,126.8133297,30.2586249,221.3478403,221.3478403,127.92875,754.2921591,500.0442045,294.9645455,193.9625
2_10,2,10,2013,Sandy,2,526309.5,4518415,374.18,867.9075,41.24,1285.14375,263.913039,74.71359161,26.416,162.7834473,116.2282842,203.9921615,77.04962755,18.288,108.6545339,5.917438445,236.0027872,236.0027872,NA,-84.28852273,141.2860227,-0.615340909,-222.6631818
2_10,2,10,2014,Sandy,2,526309.5,4518415,305.56125,1270.47875,111.06875,1689.32875,459.0734403,179.6086379,76.2,203.2648023,138.3342393,263.913039,74.71359161,26.416,162.7834473,77.04962755,108.6545339,108.6545339,1285.14375,319.8964773,72.66727273,401.9559091,-152.8344318
2_10,2,10,2015,Sandy,2,526309.5,4518415,299.71,1088.8375,59.875,1448.4225,369.5165575,70.72256265,60.198,238.5959949,215.4102571,459.0734403,179.6086379,76.2,203.2648023,74.71359161,162.7834473,162.7834473,1689.32875,78.99022727,66.81602273,220.3146591,-204.0281818
2_10,2,10,2016,Sandy,2,526309.5,4518415,122.44,1249.89125,13.78875,1386.12,227.4234372,56.21969572,71.374,99.82974145,101.6141621,369.5165575,70.72256265,60.198,238.5959949,179.6086379,203.2648023,203.2648023,1448.4225,16.68772727,-110.4539773,381.3684091,-250.1144318
2_10,2,10,2017,Sandy,2,526309.5,4518415,129.37,885.93875,95.93375,1111.2425,291.5625122,54.17288636,55.88,181.5096259,150.7506762,227.4234372,56.21969572,71.374,99.82974145,70.72256265,238.5959949,238.5959949,1386.12,-258.1897727,-103.5239773,17.41590909,-167.9694318
2_10,2,10,2018,Sandy,2,526309.5,4518415,175.585,1196.9475,8.9475,1383.97,285.5972867,77.52124861,53.34,154.7360381,152.8031465,291.5625122,54.17288636,55.88,181.5096259,56.21969572,99.82974145,99.82974145,1111.2425,14.53772727,-57.30897727,328.4246591,-254.9556818
2_10,2,10,2019,Sandy,2,526309.5,4518415,116.62625,763.9225,495.9325,1376.48125,337.4308918,18.47821339,89.52803541,229.424643,284.0237705,285.5972867,77.52124861,53.34,154.7360381,54.17288636,181.5096259,181.5096259,1383.97,7.048977273,-116.2677273,-104.6003409,232.0293182
2_10,2,10,2020,Sandy,2,526309.5,4518415,77.88375,486.2925,19.93875,584.115,264.2528702,33.72732458,84.86317191,145.6623737,181.8120521,337.4308918,18.47821339,89.52803541,229.424643,77.52124861,154.7360381,154.7360381,1376.48125,-785.3172727,-155.0102273,-382.2303409,-243.9644318
2_10,2,10,2021,Sandy,2,526309.5,4518415,125.05,625.64625,1236.08125,2025.48625,479.6057996,24.70971795,112.300762,342.5953197,366.5008653,264.2528702,33.72732458,84.86317191,145.6623737,18.47821339,229.424643,229.424643,584.115,656.0539773,-107.8439773,-242.8765909,972.1780682
2_10,2,10,2022,Sandy,2,526309.5,4518415,138.81375,233.215,54.99,427.01875,279.272608,42.36790125,67.69658538,169.2081214,111.1048349,479.6057996,24.70971795,112.300762,342.5953197,33.72732458,145.6623737,145.6623737,2025.48625,-942.4135227,-94.08022727,-635.3078409,-208.9131818
2_10,2,10,2023,Sandy,2,526309.5,4518415,696.61375,884.67375,765.13875,2346.42625,459.5464706,46.2043322,48.514,364.8281384,270.7170147,279.272608,42.36790125,67.69658538,169.2081214,24.70971795,342.5953197,342.5953197,427.01875,976.9939773,463.7197727,16.15090909,501.2355682
2_2,2,2,2013,Loamy,2,520804.5,4518855,494.7345833,45.38916667,11.07833333,592.935,253.3780011,70.10737578,26.416,156.8546253,120.7439778,208.7824403,89.76248453,18.288,100.7319558,8.821238425,214.6110014,214.6110014,NA,-499.8337879,55.18655303,-277.3270076,-108.0643561
2_2,2,2,2014,Loamy,2,520804.5,4518855,475.9,458.0725,116.385,1299.94625,492.1747656,194.2912593,76.2,221.6835063,167.5099619,253.3780011,70.10737578,26.416,156.8546253,89.76248453,100.7319558,100.7319558,592.935,207.1774621,36.3519697,135.3563258,-2.757689394
2_2,2,2,2015,Loamy,2,520804.5,4518855,739.2125,101.65375,76.69125,1069.3275,402.6485339,71.98663825,60.198,270.4638956,243.2262206,492.1747656,194.2912593,76.2,221.6835063,70.10737578,156.8546253,156.8546253,1299.94625,-23.44128788,299.6644697,-221.0624242,-42.45143939
2_2,2,2,2016,Loamy,2,520804.5,4518855,446.23125,293.72,28.86,1615.52625,240.732071,59.91911337,71.374,109.4389576,107.3424341,402.6485339,71.98663825,60.198,270.4638956,194.2912593,221.6835063,221.6835063,1069.3275,522.7574621,6.683219697,-28.99617424,-90.28268939
2_2,2,2,2017,Loamy,2,520804.5,4518855,560.59875,109.59,30.2725,918.86125,298.6695354,46.7372063,55.88,196.0523291,164.1832494,240.732071,59.91911337,71.374,109.4389576,71.98663825,270.4638956,270.4638956,1615.52625,-173.9075379,121.0507197,-213.1261742,-88.87018939
2_2,2,2,2018,Loamy,2,520804.5,4518855,220.21125,151.7275,43.59375,806.8466667,301.7326888,88.21588162,53.34,160.1768072,156.9086788,298.6695354,46.7372063,55.88,196.0523291,59.91911337,109.4389576,109.4389576,918.86125,-285.9221212,-219.3367803,-170.9886742,-75.54893939
2_2,2,2,2019,Loamy,2,520804.5,4518855,507.30375,334.4275,228.955,1211.13625,348.00789,15.51029867,86.78147312,245.7161183,285.58108,301.7326888,88.21588162,53.34,160.1768072,46.7372063,196.0523291,196.0523291,806.8466667,118.3674621,67.7557197,11.71132576,109.8123106
2_2,2,2,2020,Loamy,2,520804.5,4518855,273.5525,231.2825,0.545,505.77,269.2999606,35.6903584,78.36557942,155.2440228,183.45448,348.00789,15.51029867,86.78147312,245.7161183,88.21588162,160.1768072,160.1768072,1211.13625,-586.9987879,-165.9955303,-91.43367424,-118.5976894
2_2,2,2,2021,Loamy,2,520804.5,4518855,275.6225,943.80875,27.3275,1502.37625,388.5004106,31.40641169,112.6366853,244.4573136,282.5880232,269.2999606,35.6903584,78.36557942,155.2440228,15.51029867,245.7161183,245.7161183,505.77,409.6074621,-163.9255303,621.0925758,-91.81518939
2_2,2,2,2022,Loamy,2,520804.5,4518855,101.55,161.61375,0,283.81125,234.1983805,48.11762582,65.83915939,120.2415953,95.83289275,388.5004106,31.40641169,112.6366853,244.4573136,35.6903584,155.2440228,155.2440228,1502.37625,-808.9575379,-337.9980303,-161.1024242,-119.1426894
2_2,2,2,2023,Loamy,2,520804.5,4518855,740.11125,718.5925,746.86125,2213.92,417.2132558,53.28789241,48.514,315.4113634,246.7907574,234.1983805,48.11762582,65.83915939,120.2415953,31.40641169,244.4573136,244.4573136,283.81125,1121.151212,300.5632197,395.8763258,627.7185606
2_3,2,3,2013,Loamy,2,521656.5,4517675,332.0891667,30.94583333,16.28,494.84625,258.4413523,74.74843965,26.416,157.2769127,119.9168497,208.9163153,89.68876768,18.288,100.9395476,9.072123265,209.9626007,209.9626007,NA,-441.1699242,-76.36310606,-135.3724242,-153.5112121
2_3,2,3,2014,Loamy,2,521656.5,4517675,369.405,142.42,184.6025,1012.6175,491.4824037,190.2252434,76.2,225.0571603,165.0551283,258.4413523,74.74843965,26.416,157.2769127,89.68876768,100.9395476,100.9395476,494.84625,76.60132576,-39.04727273,-23.89825758,14.81128788
2_3,2,3,2015,Loamy,2,521656.5,4517675,268.3575,171.34875,722.25875,1390.22625,402.96836,77.64501159,60.198,265.1253484,236.5353121,491.4824037,190.2252434,76.2,225.0571603,74.74843965,157.2769127,157.2769127,1012.6175,454.2100758,-140.0947727,5.030492424,552.4675379
2_3,2,3,2016,Loamy,2,521656.5,4517675,186.41625,90.34875,48.03375,795.9225,235.5090369,57.78236874,71.374,106.3526682,105.3342428,402.96836,77.64501159,60.198,265.1253484,190.2252434,225.0571603,225.0571603,1390.22625,-140.0936742,-222.0360227,-75.96950758,-121.7574621
2_3,2,3,2017,Loamy,2,521656.5,4517675,623.5204167,196.80125,163.4320833,1132.76625,297.2552378,44.46829193,55.88,196.9069459,161.1085204,235.5090369,57.78236874,71.374,106.3526682,77.64501159,265.1253484,265.1253484,795.9225,196.7500758,215.0681439,30.48299242,-6.359128788
2_3,2,3,2018,Loamy,2,521656.5,4517675,348.1016667,99.70125,157.58,1117.251667,300.9277367,87.02844787,53.34,160.5592889,159.9384775,297.2552378,44.46829193,55.88,196.9069459,57.78236874,106.3526682,106.3526682,1132.76625,181.2354924,-60.35060606,-66.61700758,-12.21121212
2_3,2,3,2019,Loamy,2,521656.5,4517675,405.14,149.8075,231.235,950.65625,340.8985842,13.27631375,88.95125936,238.6710111,282.3779377,300.9277367,87.02844787,53.34,160.5592889,44.46829193,196.9069459,196.9069459,1117.251667,14.64007576,-3.312272727,-16.51075758,61.44378788
2_3,2,3,2020,Loamy,2,521656.5,4517675,174.65875,114.645,1.3725,309.00875,303.7935808,40.98972145,79.01305714,183.7908022,191.6197442,340.8985842,13.27631375,88.95125936,238.6710111,87.02844787,160.5592889,160.5592889,950.65625,-627.0074242,-233.7935227,-51.67325758,-168.4187121
2_3,2,3,2021,Loamy,2,521656.5,4517675,513.865,308.1375,127.2125,1072.05125,421.5037426,25.85730016,115.3829598,280.2634826,312.332295,303.7935808,40.98972145,79.01305714,183.7908022,13.27631375,238.6710111,238.6710111,309.00875,136.0350758,105.4127273,141.8192424,-42.57871212
2_3,2,3,2022,Loamy,2,521656.5,4517675,196.8275,103.3125,39.35,341.205,239.3469495,52.12471026,66.04705994,121.1751793,93.6087612,421.5037426,25.85730016,115.3829598,280.2634826,40.98972145,183.7908022,183.7908022,1072.05125,-594.8111742,-211.6247727,-63.00575758,-130.4412121
2_3,2,3,2023,Loamy,2,521656.5,4517675,1074.59375,422.0325,176.34625,1679.62625,375.3344326,37.81357635,48.514,289.0068562,229.4166939,239.3469495,52.12471026,66.04705994,121.1751793,25.85730016,280.2634826,280.2634826,341.205,743.6100758,666.1414773,255.7142424,6.555037879
2_4,2,4,2013,Loamy,2,523516.5,4517390,366.9829167,65.68083333,248.9175,736.8366667,241.7613326,67.15897883,26.416,148.1863538,115.1466928,206.9697703,79.8715696,18.288,108.8102007,7.639427995,200.0051357,200.0051357,NA,-297.6320076,-201.0988258,-42.00844697,95.69943182
2_4,2,4,2014,Loamy,2,523516.5,4517390,648.45875,114.16625,185.94625,1188.27375,493.3048155,186.9331253,76.2,230.1716902,157.3210759,241.7613326,67.15897883,26.416,148.1863538,79.8715696,108.8102007,108.8102007,736.8366667,153.8050758,80.37700758,6.476969697,32.72818182
2_4,2,4,2015,Loamy,2,523516.5,4517390,827.88,179.69,267.07875,1417.40625,403.6793774,79.27013422,60.198,264.2112432,237.0740905,493.3048155,186.9331253,76.2,230.1716902,67.15897883,148.1863538,148.1863538,1188.27375,382.9375758,259.7982576,72.0007197,113.8606818
2_4,2,4,2016,Loamy,2,523516.5,4517390,314.6425,98.95875,18.28625,802.435,234.7533061,57.78443467,71.374,105.5948714,107.8282041,403.6793774,79.27013422,60.198,264.2112432,186.9331253,230.1716902,230.1716902,1417.40625,-232.0336742,-253.4392424,-8.730530303,-134.9318182
2_4,2,4,2017,Loamy,2,523516.5,4517390,545.32625,66.87125,89.34125,1188.875,296.0532109,51.19488232,55.88,188.9783285,149.4985169,234.7533061,57.78443467,71.374,105.5948714,79.27013422,264.2112432,264.2112432,802.435,154.4063258,-22.75549242,-40.8180303,-63.87681818
2_4,2,4,2018,Loamy,2,523516.5,4517390,239.49875,130.98125,17.29,572.84125,293.574668,82.90953345,53.34,157.3251345,157.0954162,296.0532109,51.19488232,55.88,188.9783285,57.78443467,105.5948714,105.5948714,1188.875,-461.6274242,-328.5829924,23.2919697,-135.9280682
2_4,2,4,2019,Loamy,2,523516.5,4517390,343.5575,171.61125,255.3075,956.94,332.6445605,14.29045499,91.18942098,227.1646845,276.5579606,293.574668,82.90953345,53.34,157.3251345,51.19488232,188.9783285,188.9783285,572.84125,-77.52867424,-224.5242424,63.9219697,102.0894318
2_4,2,4,2020,Loamy,2,523516.5,4517390,124.06125,37.06125,17.9825,192.70125,273.6855536,42.11702309,81.9340794,149.6344511,180.1002774,332.6445605,14.29045499,91.18942098,227.1646845,82.90953345,157.3251345,157.3251345,956.94,-841.7674242,-444.0204924,-70.6280303,-135.2355682
2_4,2,4,2021,Loamy,2,523516.5,4517390,1005.155,114.19875,269.16,1963.685,462.4990291,30.66402068,113.232763,318.6022454,349.7962026,273.6855536,42.11702309,81.9340794,149.6344511,14.29045499,227.1646845,227.1646845,192.70125,929.2163258,437.0732576,6.509469697,115.9419318
2_4,2,4,2022,Loamy,2,523516.5,4517390,362.4625,35.07,11.1275,409.07125,289.7492569,57.11895338,68.22467527,164.4056283,114.8187494,462.4990291,30.66402068,113.232763,318.6022454,42.11702309,149.6344511,149.6344511,1963.685,-625.3974242,-205.6192424,-72.6192803,-142.0905682
2_4,2,4,2023,Loamy,2,523516.5,4517390,1470.87375,170.2925,304.96125,1950.09,395.6793092,46.27548392,48.514,300.8898253,242.6941515,289.7492569,57.11895338,68.22467527,164.4056283,30.66402068,318.6022454,318.6022454,409.07125,915.6213258,902.7920076,62.6032197,151.7431818
2_5,2,5,2013,Loamy,2,525065,4515920,286.925,13.18625,66.87125,366.9825,248.2401299,69.3365281,26.416,152.4876018,115.0475511,205.6603426,78.57481571,18.288,108.7975269,7.939066777,217.4283438,217.4283438,NA,-482.5096591,-232.4725,-95.13954545,-96.29579545
2_5,2,5,2014,Loamy,2,525065,4515920,394.565,32.09,181.575,625.11625,465.9667232,170.2458319,76.2,219.5208914,142.8056862,248.2401299,69.3365281,26.416,152.4876018,78.57481571,108.7975269,108.7975269,366.9825,-224.3759091,-124.8325,-76.23579545,18.40795455
2_5,2,5,2015,Loamy,2,525065,4515920,943.5225,625.11375,174.375,1788.28625,395.0003881,71.04764247,60.198,263.7547457,231.8334277,465.9667232,170.2458319,76.2,219.5208914,69.3365281,152.4876018,152.4876018,625.11625,938.7940909,424.125,516.7879545,11.20795455
2_5,2,5,2016,Loamy,2,525065,4515920,512.9025,77.56625,33.6375,761.39375,221.6778726,54.60766274,71.374,95.69620986,101.1338262,395.0003881,71.04764247,60.198,263.7547457,170.2458319,219.5208914,219.5208914,1788.28625,-88.09840909,-6.495,-30.75954545,-129.5295455
2_5,2,5,2017,Loamy,2,525065,4515920,551.5825,37.53875,65.5925,666.6225,283.1924785,45.8919934,55.88,181.4204851,151.9810576,221.6778726,54.60766274,71.374,95.69620986,71.04764247,263.7547457,263.7547457,761.39375,-182.8696591,32.185,-70.78704545,-97.57454545
2_5,2,5,2018,Loamy,2,525065,4515920,341.62,147.86875,48.03375,658.47875,274.1279431,75.82167955,53.34,144.9662635,147.1509606,283.1924785,45.8919934,55.88,181.4204851,54.60766274,95.69620986,95.69620986,666.6225,-191.0134091,-177.7775,39.54295455,-115.1332955
2_5,2,5,2019,Loamy,2,525065,4515920,323.745,74.94375,482.8825,931.17875,337.228402,13.03139737,98.10791204,226.0890926,282.6897189,274.1279431,75.82167955,53.34,144.9662635,45.8919934,181.4204851,181.4204851,658.47875,81.68659091,-195.6525,-33.38204545,319.7154545
2_5,2,5,2020,Loamy,2,525065,4515920,201.58875,32.10375,7.32,241.09375,281.2944705,38.95732794,85.36125235,156.9758902,177.6118419,337.228402,13.03139737,98.10791204,226.0890926,75.82167955,144.9662635,144.9662635,931.17875,-608.3984091,-317.80875,-76.22204545,-155.8470455
2_5,2,5,2021,Loamy,2,525065,4515920,677.60125,100.08375,334.765,1374.40125,431.2962472,25.73483268,113.5023608,292.0590537,314.8588837,281.2944705,38.95732794,85.36125235,156.9758902,13.03139737,226.0890926,226.0890926,241.09375,524.9090909,158.20375,-8.242045455,171.5979545
2_5,2,5,2022,Loamy,2,525065,4515920,184.495,24.5625,24.515,233.5725,275.10387,47.14771426,67.10079024,160.8553655,111.611064,431.2962472,25.73483268,113.5023608,292.0590537,38.95732794,156.9758902,156.9758902,1374.40125,-615.9196591,-334.9025,-83.76329545,-138.6520455
2_5,2,5,2023,Loamy,2,525065,4515920,1294.825,26.52625,375.27,1697.2875,406.6919974,43.57314891,48.514,314.6048485,246.0841637,275.10387,47.14771426,67.10079024,160.8553655,25.73483268,292.0590537,292.0590537,233.5725,847.7953409,775.4275,-81.79954545,212.1029545
2_6,2,6,2013,Sandy,2,524273,4519600,305.9625,382.455,19.275,743.3475,252.9787883,69.89932485,26.416,156.6634634,116.6220418,193.5150503,82.89059643,18.288,92.33645384,4.043522243,218.474658,218.474658,NA,-684.7780682,62.56227273,-300.0495455,-381.6171591
2_6,2,6,2014,Sandy,2,524273,4519600,501.39875,898.45,42.785,1660.87125,462.2129317,184.8407838,76.2,201.1721478,148.7956405,252.9787883,69.89932485,26.416,156.6634634,82.89059643,92.33645384,92.33645384,743.3475,232.7456818,257.9985227,215.9454545,-358.1071591
2_6,2,6,2015,Sandy,2,524273,4519600,425.31,812.94375,19.98125,1451.58125,382.0491887,77.41970264,60.198,244.4314861,222.8418691,462.2129317,184.8407838,76.2,201.1721478,69.89932485,156.6634634,156.6634634,1660.87125,23.45568182,181.9097727,130.4392045,-380.9109091
2_6,2,6,2016,Sandy,2,524273,4519600,141.68,727.50625,43.66125,1088.635,232.1108041,57.53212072,71.374,103.2046834,103.9730613,382.0491887,77.41970264,60.198,244.4314861,184.8407838,201.1721478,201.1721478,1451.58125,-339.4905682,-101.7202273,45.00170455,-357.2309091
2_6,2,6,2017,Sandy,2,524273,4519600,140.13125,737.39625,100.21,1265.22125,306.9564327,56.15604015,55.88,194.9203925,148.7797322,232.1108041,57.53212072,71.374,103.2046834,77.41970264,244.4314861,244.4314861,1088.635,-162.9043182,-103.2689773,54.89170455,-300.6821591
2_6,2,6,2018,Sandy,2,524273,4519600,82.20875,787.44875,9.35125,941.9775,301.816868,79.42869302,53.34,169.0481749,166.8430596,306.9564327,56.15604015,55.88,194.9203925,57.53212072,103.2046834,103.2046834,1265.22125,-486.1480682,-161.1914773,104.9442045,-391.5409091
2_6,2,6,2019,Sandy,2,524273,4519600,160.12,357.3875,927.325,1511.11875,327.3863163,15.22567505,79.90564251,232.2549988,277.1526905,301.816868,79.42869302,53.34,169.0481749,56.15604015,194.9203925,194.9203925,941.9775,82.99318182,-83.28022727,-325.1170455,526.4328409
2_6,2,6,2020,Sandy,2,524273,4519600,40.5875,442.445,73.02,556.0525,266.7607957,30.12157402,82.19336431,154.4458573,189.8297572,327.3863163,15.22567505,79.90564251,232.2549988,79.42869302,169.0481749,169.0481749,1511.11875,-872.0730682,-202.8127273,-240.0595455,-327.8721591
2_6,2,6,2021,Sandy,2,524273,4519600,55.39375,1253.35875,813.0125,2184.2225,368.5335283,25.39560807,114.0119993,229.125921,260.8660539,266.7607957,30.12157402,82.19336431,154.4458573,15.22567505,232.2549988,232.2549988,556.0525,756.0969318,-188.0064773,570.8542045,412.1203409
2_6,2,6,2022,Sandy,2,524273,4519600,18.35125,113.65375,168.86625,300.87125,245.1888347,38.14983803,66.64576939,140.3932273,98.08670501,368.5335283,25.39560807,114.0119993,229.125921,30.12157402,154.4458573,154.4458573,2184.2225,-1127.254318,-225.0489773,-568.8507955,-232.0259091
2_6,2,6,2023,Sandy,2,524273,4519600,806.25875,994.505,2192.32625,4005.4825,418.0126255,46.62538137,48.514,322.8732441,237.7838956,245.1888347,38.14983803,66.64576939,140.3932273,25.39560807,229.125921,229.125921,300.87125,2577.356932,562.8585227,312.0004545,1791.434091
2_7,2,7,2013,Loamy,2,524583.5,4521655,887.2825,49.17875,64.65125,1038.31625,279.4137684,73.42021425,26.416,179.5775541,122.0470551,218.1316842,92.10809279,18.288,107.7355914,4.545253229,223.4610481,223.4610481,NA,-93.98272727,289.4830682,-128.9389394,-172.2630303
2_7,2,7,2014,Loamy,2,524583.5,4521655,664.33375,164.2175,142.82375,1222.24125,440.5722432,179.8421246,76.2,184.5301186,133.7456996,279.4137684,73.42021425,26.416,179.5775541,92.10809279,107.7355914,107.7355914,1038.31625,89.94227273,66.53431818,-13.90018939,-94.0905303
2_7,2,7,2015,Loamy,2,524583.5,4521655,732.73,139.1008333,5.943333333,1045.57875,377.5745599,67.34565442,60.198,250.0309055,228.7715548,440.5722432,179.8421246,76.2,184.5301186,73.42021425,179.5775541,179.5775541,1222.24125,-86.72022727,134.9305682,-39.01685606,-230.970947
2_7,2,7,2016,Loamy,2,524583.5,4521655,298.0925,313.9025,87.92875,1324.02875,244.1008859,61.8831049,71.374,110.843781,108.6157034,377.5745599,67.34565442,60.198,250.0309055,179.8421246,184.5301186,184.5301186,1045.57875,191.7297727,-299.7069318,135.7848106,-148.9855303
2_7,2,7,2017,Loamy,2,524583.5,4521655,557.37125,225.23625,51.3975,837.10125,329.9427049,74.16386531,55.88,199.8988396,155.3786518,244.1008859,61.8831049,71.374,110.843781,67.34565442,250.0309055,250.0309055,1324.02875,-295.1977273,-40.42818182,47.11856061,-185.5167803
2_7,2,7,2018,Loamy,2,524583.5,4521655,234.72,154.59625,30.54125,557.365,309.5879185,82.14536357,53.34,174.1025549,169.6994987,329.9427049,74.16386531,55.88,199.8988396,61.8831049,110.843781,110.843781,837.10125,-574.9339773,-363.0794318,-23.52143939,-206.3730303
2_7,2,7,2019,Loamy,2,524583.5,4521655,526.2,181.1425,819.35625,1545.76625,350.5008215,18.75098806,73.74431532,258.0055181,299.4052824,309.5879185,82.14536357,53.34,174.1025549,74.16386531,199.8988396,199.8988396,557.365,413.4672727,-71.59943182,3.024810606,582.4419697
2_7,2,7,2020,Loamy,2,524583.5,4521655,209.905,273.5525,2.13375,485.74625,269.1536371,31.62532427,79.01076162,158.5175513,189.0189204,350.5008215,18.75098806,73.74431532,258.0055181,82.14536357,174.1025549,174.1025549,1545.76625,-646.5527273,-387.8944318,95.43481061,-234.7805303
2_7,2,7,2021,Loamy,2,524583.5,4521655,481.96875,108.97125,635.5075,1287.2225,342.3799356,27.60724647,113.3080459,201.4646432,237.694918,269.1536371,31.62532427,79.01076162,158.5175513,18.75098806,258.0055181,258.0055181,485.74625,154.9235227,-115.8306818,-69.14643939,398.5932197
2_7,2,7,2022,Loamy,2,524583.5,4521655,268.7875,67.75125,156.01625,492.555,299.6155757,35.90949471,66.20303042,197.5030505,101.9491631,342.3799356,27.60724647,113.3080459,201.4646432,31.62532427,158.5175513,158.5175513,1287.2225,-639.7439773,-329.0119318,-110.3664394,-80.8980303
2_7,2,7,2023,Loamy,2,524583.5,4521655,1714.4025,281.645,609.7575,2619.3675,406.6299279,45.56310654,48.514,312.5528214,207.5960325,299.6155757,35.90949471,66.20303042,197.5030505,27.60724647,201.4646432,201.4646432,492.555,1487.068523,1116.603068,103.5273106,372.8432197
2_8,2,8,2013,Sandy,2,526935.5,4522330,693.195,114.435,22.8,837.09,287.6356817,75.89130796,26.416,185.3283737,120.4268091,217.7196896,85.03851616,18.288,114.3931734,6.725768141,231.3709762,231.3709762,NA,-408.9257955,235.2447727,-232.1242045,-219.9206818
2_8,2,8,2014,Sandy,2,526935.5,4522330,568.20125,346.33,65.525,1125.975,424.4169063,165.935379,76.2,182.2815273,117.7596799,287.6356817,75.89130796,26.416,185.3283737,85.03851616,114.3931734,114.3931734,837.09,-120.0407955,110.2510227,-0.229204545,-177.1956818
2_8,2,8,2015,Sandy,2,526935.5,4522330,608.565,863.26625,145.31375,1617.145,385.325034,67.41651797,60.198,257.7105161,229.1549105,424.4169063,165.935379,76.2,182.2815273,75.89130796,185.3283737,185.3283737,1125.975,371.1292045,150.6147727,516.7070455,-97.40693182
2_8,2,8,2016,Sandy,2,526935.5,4522330,270.98,369.67125,80.325,998.95375,244.2069641,62.47047439,71.374,110.3624897,102.6693464,385.325034,67.41651797,60.198,257.7105161,165.935379,182.2815273,182.2815273,1617.145,-247.0620455,-186.9702273,23.11204545,-162.3956818
2_8,2,8,2017,Sandy,2,526935.5,4522330,309.26,486.39375,356.9575,1709.37375,329.253563,90.45460112,55.88,182.9189619,156.4638048,244.2069641,62.47047439,71.374,110.3624897,67.41651797,257.7105161,257.7105161,998.95375,463.3579545,-148.6902273,139.8345455,114.2368182
2_8,2,8,2018,Sandy,2,526935.5,4522330,203.10125,271.855,81.80625,1018.46875,322.6283018,85.63785601,53.34,183.6504458,175.7028336,329.253563,90.45460112,55.88,182.9189619,62.47047439,110.3624897,110.3624897,1709.37375,-227.5470455,-254.8489773,-74.70420455,-160.9144318
2_8,2,8,2019,Sandy,2,526935.5,4522330,240.33875,500.63625,376.01125,1387.5375,353.6856975,21.06045706,73.93849166,258.6867487,297.4286348,322.6283018,85.63785601,53.34,183.6504458,90.45460112,182.9189619,182.9189619,1018.46875,141.5217045,-217.6114773,154.0770455,133.2905682
2_8,2,8,2020,Sandy,2,526935.5,4522330,191.2225,229.93625,76.735,571.385,296.9854489,47.6713924,80.10881642,169.2052401,191.8498161,353.6856975,21.06045706,73.93849166,258.6867487,85.63785601,183.6504458,183.6504458,1387.5375,-674.6307955,-266.7277273,-116.6229545,-165.9856818
2_8,2,8,2021,Sandy,2,526935.5,4522330,603.85,269.45375,376.59,1490.3525,384.0401635,24.84009587,112.8475318,246.3525358,271.5233298,296.9854489,47.6713924,80.10881642,169.2052401,21.06045706,258.6867487,258.6867487,571.385,244.3367045,145.8997727,-77.10545455,133.8693182
2_8,2,8,2022,Sandy,2,526935.5,4522330,188.86125,58.15875,26.15125,328.77375,287.649445,38.35541537,66.39623591,182.8977938,103.2283349,384.0401635,24.84009587,112.8475318,246.3525358,47.6713924,169.2052401,169.2052401,1490.3525,-917.2420455,-269.0889773,-288.4004545,-216.5694318
2_8,2,8,2023,Sandy,2,526935.5,4522330,1159.8775,302.015,1061.7125,2621.11875,474.8525594,54.97880572,48.514,371.3597536,247.4589806,287.649445,38.35541537,66.39623591,182.8977938,24.84009587,246.3525358,246.3525358,328.77375,1375.102955,701.9272727,-44.54420455,818.9918182
2_9,2,9,2013,Loamy,2,525809,4520400,439.84,64.71875,45.815,600.6275,270.3696766,71.33461801,26.416,172.6190585,119.7504062,193.9167608,81.65639168,18.288,93.9723691,5.309962451,234.8747498,234.8747498,NA,-460.4689394,-147.9457955,-54.98545455,-199.1502652
2_9,2,9,2014,Loamy,2,525809,4520400,561.74125,143.3625,142.1525,1240.34,445.0360605,184.4605683,76.2,184.3754922,130.7176141,270.3696766,71.33461801,26.416,172.6190585,81.65639168,93.9723691,93.9723691,600.6275,179.2435606,-26.04454545,23.65829545,-102.8127652
2_9,2,9,2015,Loamy,2,525809,4520400,568.875,373.91,80.05625,1058.02625,377.5242608,72.70399146,60.198,244.6222694,222.406794,445.0360605,184.4605683,76.2,184.3754922,71.33461801,172.6190585,172.6190585,1240.34,-3.070189394,-18.91079545,254.2057955,-164.9090152
2_9,2,9,2016,Loamy,2,525809,4520400,207.9,96.65,188.6329167,879.0895833,239.9547224,60.0392003,71.374,108.5415221,105.8045553,377.5242608,72.70399146,60.198,244.6222694,184.4605683,184.3754922,184.3754922,1058.02625,-182.0068561,-379.8857955,-23.05420455,-56.33234848
2_9,2,9,2017,Loamy,2,525809,4520400,729.12125,105.2175,195.23125,1036.87125,318.9921528,63.92441759,55.88,199.1877352,158.9943141,239.9547224,60.0392003,71.374,108.5415221,72.70399146,244.6222694,244.6222694,879.0895833,-24.22518939,141.3354545,-14.48670455,-49.73401515
2_9,2,9,2018,Loamy,2,525809,4520400,352.99125,87.0525,120.4875,775.07125,324.1486956,81.41924128,53.34,189.3894543,180.7113787,318.9921528,63.92441759,55.88,199.1877352,60.0392003,108.5415221,108.5415221,1036.87125,-286.0251894,-234.7945455,-32.65170455,-124.4777652
2_9,2,9,2019,Loamy,2,525809,4520400,579.72375,138.4425,360.9425,1109.64625,346.4376978,20.90401001,76.3230002,249.2106876,292.2071392,324.1486956,81.41924128,53.34,189.3894543,63.92441759,199.1877352,199.1877352,775.07125,48.54981061,-8.062045455,18.73829545,115.9772348
2_9,2,9,2020,Loamy,2,525809,4520400,207.845,33.41625,13.96,255.22125,282.8935027,33.5861178,79.58754174,169.7198432,199.8994166,346.4376978,20.90401001,76.3230002,249.2106876,81.41924128,189.3894543,189.3894543,1109.64625,-805.8751894,-379.9407955,-86.28795455,-231.0052652
2_9,2,9,2021,Loamy,2,525809,4520400,779.8775,147.3125,1099.81,2080.1925,384.0613127,22.55568251,112.5831303,248.9224999,283.2926721,282.8935027,33.5861178,79.58754174,169.7198432,20.90401001,249.2106876,249.2106876,255.22125,1019.096061,192.0917045,27.60829545,854.8447348
2_9,2,9,2022,Loamy,2,525809,4520400,177.03125,27.83125,82.99,306.02375,284.8176584,35.51486075,66.06519872,183.2375989,108.0229126,384.0613127,22.55568251,112.5831303,248.9224999,33.5861178,169.7198432,169.7198432,2080.1925,-755.0726894,-410.7545455,-91.87295455,-161.9752652
2_9,2,9,2023,Loamy,2,525809,4520400,1860.6975,98.8325,364.54,2330.95125,449.6748301,47.73574628,48.514,353.4250839,249.062982,284.8176584,35.51486075,66.06519872,183.2375989,22.55568251,248.9224999,248.9224999,306.02375,1269.854811,1272.911705,-20.87170455,119.5747348
3_1,3,1,2013,Loamy,3,519800.5,4520655,434.5716667,131.34375,10.5,777.8804167,264.2623004,72.43157604,26.416,165.4147243,121.0978999,197.8760528,89.81240607,18.288,89.77564669,10.07800821,216.3791767,216.3791767,NA,-38.0680303,58.09549242,-54.79409091,-113.9690909
3_1,3,1,2014,Loamy,3,519800.5,4520655,497.36125,139.0575,213.25875,934.8125,483.0274257,209.5498667,76.2,197.277559,152.2139951,264.2623004,72.43157604,26.416,165.4147243,89.81240607,89.77564669,89.77564669,777.8804167,118.864053,120.8850758,-47.08034091,88.78965909
3_1,3,1,2015,Loamy,3,519800.5,4520655,795.1175,281.54375,90.5525,1247.47125,410.2325441,68.93297866,60.198,281.1015655,251.2064207,483.0274257,209.5498667,76.2,197.277559,72.43157604,165.4147243,165.4147243,934.8125,431.522803,418.6413258,95.40590909,-33.91659091
3_1,3,1,2016,Loamy,3,519800.5,4520655,301.05375,237.68,65.79375,862.79375,251.0316821,64.50716248,71.374,115.1505196,111.3360116,410.2325441,68.93297866,60.198,281.1015655,209.5498667,197.277559,197.277559,1247.47125,46.84530303,-75.42242424,51.54215909,-58.67534091
3_1,3,1,2017,Loamy,3,519800.5,4520655,288.4075,95.4625,79.115,643.55,268.0884383,35.43917594,55.88,176.7692623,157.769364,251.0316821,64.50716248,71.374,115.1505196,68.93297866,281.1015655,281.1015655,862.79375,-172.398447,-88.06867424,-90.67534091,-45.35409091
3_1,3,1,2018,Loamy,3,519800.5,4520655,202.76375,151.30125,16.93875,490.08,302.0798062,84.37647802,53.34,164.3633282,160.4454895,268.0884383,35.43917594,55.88,176.7692623,64.50716248,115.1505196,115.1505196,643.55,-325.868447,-173.7124242,-34.83659091,-107.5303409
3_1,3,1,2019,Loamy,3,519800.5,4520655,333.2725,265.94125,276.7875,1024.0125,358.1600243,14.43706383,85.94623262,257.7767279,293.3493075,302.0798062,84.37647802,53.34,164.3633282,35.43917594,176.7692623,176.7692623,490.08,208.064053,-43.20367424,79.80340909,152.3184091
3_1,3,1,2020,Loamy,3,519800.5,4520655,107.7,211.36875,7.25875,328.44,264.4374741,33.40207731,77.5804949,153.4549019,175.8670559,358.1600243,14.43706383,85.94623262,257.7767279,84.37647802,164.3633282,164.3633282,1024.0125,-487.508447,-268.7761742,25.23090909,-117.2103409
3_1,3,1,2021,Loamy,3,519800.5,4520655,256.625,262.26375,39.80625,897.6725,360.0153121,30.22271696,111.9974005,217.7951947,241.4042601,264.4374741,33.40207731,77.5804949,153.4549019,14.43706383,257.7767279,257.7767279,328.44,81.72405303,-119.8511742,76.12590909,-84.66284091
3_1,3,1,2022,Loamy,3,519800.5,4520655,72.6025,27.65625,9.0025,111.78375,228.637013,37.5563462,64.79711956,126.2835473,92.02060805,360.0153121,30.22271696,111.9974005,217.7951947,33.40207731,153.4549019,153.4549019,897.6725,-704.164697,-303.8736742,-158.4815909,-115.4665909
3_1,3,1,2023,Loamy,3,519800.5,4520655,851.7625,243.8975,560.14625,1656.93625,403.9534491,47.15943967,48.514,308.2800094,227.4025612,228.637013,37.5563462,64.79711956,126.2835473,30.22271696,217.7951947,217.7951947,111.78375,840.987803,475.2863258,57.75965909,435.6771591
3_10,3,10,2013,Sandy,3,526050,4518720,547.2775,253.15375,40.09625,886.0725,262.0503636,72.82892922,26.416,162.8054344,116.11107,200.1105804,77.67987127,18.288,104.1427091,5.053672906,238.613861,238.613861,NA,-470.10375,215.3927273,-377.5113636,-321.1270455
3_10,3,10,2014,Sandy,3,526050,4518720,616.97625,648.32375,96.605,1428.57375,460.6050905,182.8757113,76.2,201.5293792,138.8521419,262.0503636,72.82892922,26.416,162.8054344,77.67987127,104.1427091,104.1427091,886.0725,72.3975,285.0914773,17.65863636,-264.6182955
3_10,3,10,2015,Sandy,3,526050,4518720,567.2575,668.50625,168.25375,1445.2575,371.3694196,71.6339567,60.198,239.537463,217.1594274,460.6050905,182.8757113,76.2,201.5293792,72.82892922,162.8054344,162.8054344,1428.57375,89.08125,235.3727273,37.84113636,-192.9695455
3_10,3,10,2016,Sandy,3,526050,4518720,291.63375,750.17625,196.7775,1293.7525,229.2503182,56.94911332,71.374,100.9272049,102.1915448,371.3694196,71.6339567,60.198,239.537463,182.8757113,201.5293792,201.5293792,1445.2575,-62.42375,-40.25102273,119.5111364,-164.4457955
3_10,3,10,2017,Sandy,3,526050,4518720,210.7025,814.89625,140.33375,1166.8075,296.6528879,53.96466484,55.88,186.8082231,150.4392592,229.2503182,56.94911332,71.374,100.9272049,71.6339567,239.537463,239.537463,1293.7525,-189.36875,-121.1822727,184.2311364,-220.8895455
3_10,3,10,2018,Sandy,3,526050,4518720,273.2,617.51375,107.97625,1061.12,292.7599072,78.70644125,53.34,160.7134659,158.3265174,296.6528879,53.96466484,55.88,186.8082231,56.94911332,100.9272049,100.9272049,1166.8075,-295.05625,-58.68477273,-13.15136364,-253.2470455
3_10,3,10,2019,Sandy,3,526050,4518720,196.89875,396.6225,567.40875,1171.345,338.8112904,18.30222068,87.92594597,232.5831237,286.0000039,292.7599072,78.70644125,53.34,160.7134659,53.96466484,186.8082231,186.8082231,1061.12,-184.83125,-134.9860227,-234.0426136,206.1854545
3_10,3,10,2020,Sandy,3,526050,4518720,128.97875,373.02375,56.3225,561.0625,266.3932757,33.67255989,84.27789334,148.4428225,184.7918409,338.8112904,18.30222068,87.92594597,232.5831237,78.70644125,160.7134659,160.7134659,1171.345,-795.11375,-202.9060227,-257.6413636,-304.9007955
3_10,3,10,2021,Sandy,3,526050,4518720,295.08375,675.2275,1509.9025,2551.57125,455.4904125,24.17363837,112.5564507,318.7603234,345.9343014,266.3932757,33.67255989,84.27789334,148.4428225,18.30222068,232.5831237,232.5831237,561.0625,1195.395,-36.80102273,44.56238636,1148.679205
3_10,3,10,2022,Sandy,3,526050,4518720,125.36625,234.525,121.29,481.18125,276.1552591,40.89347981,67.52159838,167.7401809,109.1316841,455.4904125,24.17363837,112.5564507,318.7603234,33.67255989,148.4428225,148.4428225,2551.57125,-874.995,-206.5185227,-396.1401136,-239.9332955
3_10,3,10,2023,Sandy,3,526050,4518720,397.3575,1505.3475,968.49,2871.195,457.5702226,46.76650248,48.514,362.2897201,267.5875091,276.1552591,40.89347981,67.52159838,167.7401809,24.17363837,318.7603234,318.7603234,481.18125,1515.01875,65.47272727,874.6823864,607.2667045
3_2,3,2,2013,Loamy,3,520370,4518830,429.9295833,44.46958333,142.0825,848.4429167,249.3213482,67.48526144,26.416,155.4200868,120.959564,210.0283916,90.54400554,18.288,101.1963861,10.09939674,213.2938355,213.2938355,NA,-230.739053,7.689393939,-175.8627652,-125.5096591
3_2,3,2,2014,Loamy,3,520370,4518830,575.86875,27.38,70.77375,952.405,498.5414626,193.4686427,76.2,228.8728199,173.2289364,249.3213482,67.48526144,26.416,155.4200868,90.54400554,101.1963861,101.1963861,848.4429167,-126.7769697,153.6285606,-192.9523485,-196.8184091
3_2,3,2,2015,Loamy,3,520370,4518830,805.54375,140.47,153.05,1196.8125,402.5155748,70.35854925,60.198,271.9590255,245.486088,498.5414626,193.4686427,76.2,228.8728199,67.48526144,155.4200868,155.4200868,952.405,117.6305303,383.3035606,-79.86234848,-114.5421591
3_2,3,2,2016,Loamy,3,520370,4518830,332.13625,60.00875,17.08875,743.9925,239.7049709,59.13723854,71.374,109.1937324,107.6777781,402.5155748,70.35854925,60.198,271.9590255,193.4686427,228.8728199,228.8728199,1196.8125,-335.1894697,-90.10393939,-160.3235985,-250.5034091
3_2,3,2,2017,Loamy,3,520370,4518830,467.9625,134.95375,148.27375,822.50125,303.8631286,48.99995434,55.88,198.9831742,165.9734333,239.7049709,59.13723854,71.374,109.1937324,70.35854925,271.9590255,271.9590255,743.9925,-256.6807197,45.72231061,-85.37859848,-119.3184091
3_2,3,2,2018,Loamy,3,520370,4518830,262.70625,357.025,64.51625,879.00875,301.7249642,88.64136661,53.34,159.7435976,155.8139647,303.8631286,48.99995434,55.88,198.9831742,59.13723854,109.1937324,109.1937324,822.50125,-200.1732197,-159.5339394,136.6926515,-203.0759091
3_2,3,2,2019,Loamy,3,520370,4518830,433.5575,275.8525,483.48,1374.8675,348.0004985,14.73078559,88.83203471,244.4376782,287.1766821,301.7249642,88.64136661,53.34,159.7435976,48.99995434,198.9831742,198.9831742,879.00875,295.6855303,11.31731061,55.52015152,215.8878409
3_2,3,2,2020,Loamy,3,520370,4518830,96.2025,219.64375,6.76,396.2375,273.7590092,37.19756118,80.55520863,156.0062393,186.5706126,348.0004985,14.73078559,88.83203471,244.4376782,88.64136661,159.7435976,159.7435976,1374.8675,-682.9444697,-326.0376894,-0.688598485,-260.8321591
3_2,3,2,2021,Loamy,3,520370,4518830,430.32,471.875,251.96375,1442.6175,386.3313507,29.76364314,113.191902,243.3758056,279.7090258,273.7590092,37.19756118,80.55520863,156.0062393,14.73078559,244.4376782,244.4376782,396.2375,363.4355303,8.079810606,251.5426515,-15.62840909
3_2,3,2,2022,Loamy,3,520370,4518830,71.40625,109.0975,4.285,184.78875,245.223397,46.70061801,66.01028816,132.5124908,97.41648393,386.3313507,29.76364314,113.191902,243.3758056,37.19756118,156.0062393,156.0062393,1442.6175,-894.3932197,-350.8339394,-111.2348485,-263.3071591
3_2,3,2,2023,Loamy,3,520370,4518830,739.00875,582.88,1601.24,3029.3275,402.5112835,50.02388286,48.514,303.9734007,240.8795127,245.223397,46.70061801,66.01028816,132.5124908,29.76364314,243.3758056,243.3758056,184.78875,1950.14553,316.7685606,362.5476515,1333.647841
3_3,3,3,2013,Loamy,3,521665,4517420,296.21,113.9625,165.09125,751.58875,256.9602654,73.24529398,26.416,157.2989714,119.4301062,207.2870547,88.91762285,18.288,100.0814319,9.358835769,210.054815,210.054815,NA,-302.2805682,-78.23011364,-35.15746212,-140.5838636
3_3,3,3,2014,Loamy,3,521665,4517420,208.7529167,52.60916667,487.22375,1216.345833,492.9294214,189.3976853,76.2,227.3317361,165.5590146,256.9602654,73.24529398,26.416,157.2989714,88.91762285,100.0814319,100.0814319,751.58875,162.4765152,-165.687197,-96.51079545,181.5486364
3_3,3,3,2015,Loamy,3,521665,4517420,308.99375,164.5525,848.73625,1379.66875,403.4036048,77.68327296,60.198,265.5223319,236.3859359,492.9294214,189.3976853,76.2,227.3317361,73.24529398,157.2989714,157.2989714,1216.345833,325.7994318,-65.44636364,15.43253788,543.0611364
3_3,3,3,2016,Loamy,3,521665,4517420,179.42125,78.175,86.585,726.705,234.8540469,57.64084219,71.374,105.8392047,105.5456436,403.4036048,77.68327296,60.198,265.5223319,189.3976853,227.3317361,227.3317361,1379.66875,-327.1643182,-195.0188636,-70.94496212,-219.0901136
3_3,3,3,2017,Loamy,3,521665,4517420,541.76375,159.70875,198.1225,1044.0325,294.2457173,42.48026665,55.88,195.8854506,160.0790121,234.8540469,57.64084219,71.374,105.8392047,77.68327296,265.5223319,265.5223319,726.705,-9.836818182,167.3236364,10.58878788,-107.5526136
3_3,3,3,2018,Loamy,3,521665,4517420,174.3983333,106.2729167,162.2875,735.1541667,300.076035,86.23491007,53.34,160.501125,159.8890886,294.2457173,42.48026665,55.88,195.8854506,57.64084219,105.8392047,105.8392047,1044.0325,-318.7151515,-200.0417803,-42.84704545,-143.3876136
3_3,3,3,2019,Loamy,3,521665,4517420,240.855,98.33,359.33375,1005.5525,341.3076089,13.3397805,89.09518472,238.8726437,282.731347,300.076035,86.23491007,53.34,160.501125,42.48026665,195.8854506,195.8854506,735.1541667,-48.31681818,-133.5851136,-50.78996212,53.65863636
3_3,3,3,2020,Loamy,3,521665,4517420,103.535,37.35,8.8875,219.95375,303.7882554,41.01840291,79.26146448,183.508388,190.9435236,341.3076089,13.3397805,89.09518472,238.8726437,86.23491007,160.501125,160.501125,1005.5525,-833.9155682,-270.9051136,-111.7699621,-296.7876136
3_3,3,3,2021,Loamy,3,521665,4517420,513.10375,215.8025,433.295,1726.93625,424.5588242,25.16432817,115.1614712,284.2330248,315.3113845,303.7882554,41.01840291,79.26146448,183.508388,13.3397805,238.8726437,238.8726437,219.95375,673.0669318,138.6636364,66.68253788,127.6198864
3_3,3,3,2022,Loamy,3,521665,4517420,327.04125,54.815,120.125,507.43125,241.9080253,52.66392893,66.06473927,123.1793572,94.22420713,424.5588242,25.16432817,115.1614712,284.2330248,41.01840291,183.508388,183.508388,1726.93625,-546.4380682,-47.39886364,-94.30496212,-185.5501136
3_3,3,3,2023,Loamy,3,521665,4517420,1224.76625,558.74125,492.73875,2279.19375,372.7877738,38.06035373,48.514,286.2134201,228.6691178,241.9080253,52.66392893,66.06473927,123.1793572,25.16432817,284.2330248,284.2330248,507.43125,1225.324432,850.3261364,409.6212879,187.0636364
3_4,3,4,2013,Loamy,3,523325.5,4517220,330.7875,128.7625,107.90875,574.59,236.3460974,66.03614377,26.416,143.8939536,114.0494022,209.0402605,80.96836754,18.288,109.7838929,8.184643447,196.267032,196.267032,NA,-441.4565909,-63.34795455,-191.5927273,-38.55147727
3_4,3,4,2014,Loamy,3,523325.5,4517220,447.04125,135.28875,100.0375,939.6925,497.9125343,189.2740724,76.2,232.438462,158.107715,236.3460974,66.03614377,26.416,143.8939536,80.96836754,109.7838929,109.7838929,574.59,-76.35409091,52.90579545,-185.0664773,-46.42272727
3_4,3,4,2015,Loamy,3,523325.5,4517220,533.01375,671.39875,244.005,1460.05625,409.1605475,80.17084809,60.198,268.7916994,240.8564796,497.9125343,189.2740724,76.2,232.438462,66.03614377,143.8939536,143.8939536,939.6925,444.0096591,138.8782955,351.0435227,97.54477273
3_4,3,4,2016,Loamy,3,523325.5,4517220,306.03125,295.805,140.065,1457.29875,236.8327988,58.08864339,71.374,107.3701554,109.248584,409.1605475,80.17084809,60.198,268.7916994,189.2740724,232.438462,232.438462,1460.05625,441.2521591,-88.10420455,-24.55022727,-6.395227273
3_4,3,4,2017,Loamy,3,523325.5,4517220,362.00375,371.75875,83.08375,817.95625,292.8301713,49.93623797,55.88,187.0139333,147.5866952,236.8327988,58.08864339,71.374,107.3701554,80.17084809,268.7916994,268.7916994,1457.29875,-198.0903409,-32.13170455,51.40352273,-63.37647727
3_4,3,4,2018,Loamy,3,523325.5,4517220,268.89375,205.92875,23.6125,774.9325,294.8695471,83.66138585,53.34,157.8681613,157.6029207,292.8301713,49.93623797,55.88,187.0139333,58.08864339,107.3701554,107.3701554,817.95625,-241.1140909,-125.2417045,-114.4264773,-122.8477273
3_4,3,4,2019,Loamy,3,523325.5,4517220,335.4825,606.14125,428.77375,1416.88375,335.6505078,14.3997302,90.65515669,230.5956209,278.7520885,294.8695471,83.66138585,53.34,157.8681613,49.93623797,187.0139333,187.0139333,774.9325,400.8371591,-58.65295455,285.7860227,282.3135227
3_4,3,4,2020,Loamy,3,523325.5,4517220,91.41875,89.71,0.39,188.845,275.6788453,40.83500767,81.7493698,153.0944678,181.4211515,335.6505078,14.3997302,90.65515669,230.5956209,83.66138585,157.8681613,157.8681613,1416.88375,-827.2015909,-302.7167045,-230.6452273,-146.0702273
3_4,3,4,2021,Loamy,3,523325.5,4517220,499.9975,643.51125,219.255,1680.94375,465.5818031,29.86526437,113.4504987,322.26604,353.0389751,275.6788453,40.83500767,81.7493698,153.0944678,14.3997302,230.5956209,230.5956209,188.845,664.8971591,105.8620455,323.1560227,72.79477273
3_4,3,4,2022,Loamy,3,523325.5,4517220,120.23125,181.64875,8.75875,361.875,279.155818,55.44221618,67.43289302,156.2807088,109.807248,465.5818031,29.86526437,113.4504987,322.26604,40.83500767,153.0944678,153.0944678,1680.94375,-654.1715909,-273.9042045,-138.7064773,-137.7014773
3_4,3,4,2023,Loamy,3,523325.5,4517220,1040.58875,193.95375,255.1725,1503.43875,389.4483053,45.08655844,48.514,295.8477469,240.4016855,279.155818,55.44221618,67.43289302,156.2807088,29.86526437,322.26604,322.26604,361.875,487.3921591,646.4532955,-126.4014773,108.7122727
3_5,3,5,2013,Loamy,3,525074,4515865,485.72,11.75,28.88333333,526.3533333,247.7228949,69.10422999,26.416,152.2026649,114.9284049,205.6754999,78.90161391,18.288,108.485886,7.954679676,217.5402826,217.5402826,NA,-594.0400379,-0.808409091,-255.0532955,-290.3273106
3_5,3,5,2014,Loamy,3,525074,4515865,427.26,119.1425,203.64125,871.94625,465.3133917,169.3065451,76.2,219.8068467,142.8148819,247.7228949,69.10422999,26.416,152.2026649,78.90161391,108.485886,108.485886,526.3533333,-248.4471212,-59.26840909,-147.6607955,-115.5693939
3_5,3,5,2015,Loamy,3,525074,4515865,1334.3875,237.95,233.71125,1858.7925,395.703047,70.79207475,60.198,264.7129723,232.2579391,465.3133917,169.3065451,76.2,219.8068467,69.10422999,152.2026649,152.2026649,871.94625,738.3991288,847.8590909,-28.85329545,-85.49939394
3_5,3,5,2016,Loamy,3,525074,4515865,341.285,209.6925,30.5425,801.44125,221.1406443,54.45495179,71.374,95.3116925,100.9085912,395.703047,70.79207475,60.198,264.7129723,169.3065451,219.8068467,219.8068467,1858.7925,-318.9521212,-145.2434091,-57.11079545,-288.6681439
3_5,3,5,2017,Loamy,3,525074,4515865,502.80625,290.9625,104.94625,904.36625,282.7140778,45.66892621,55.88,181.1651516,151.9990013,221.1406443,54.45495179,71.374,95.3116925,70.79207475,264.7129723,264.7129723,801.44125,-216.0271212,16.27784091,24.15920455,-214.2643939
3_5,3,5,2018,Loamy,3,525074,4515865,364.3575,255.6425,21.7975,694.34,274.1040698,75.63299642,53.34,145.1310733,147.2964372,282.7140778,45.66892621,55.88,181.1651516,54.45495179,95.3116925,95.3116925,904.36625,-426.0533712,-122.1709091,-11.16079545,-297.4131439
3_5,3,5,2019,Loamy,3,525074,4515865,228.9275,314.3675,681.6975,1258.06625,337.8068053,13.14434012,99.49013077,225.1723344,282.6278915,274.1040698,75.63299642,53.34,145.1310733,45.66892621,181.1651516,181.1651516,694.34,137.6728788,-257.6009091,47.56420455,362.4868561
3_5,3,5,2020,Loamy,3,525074,4515865,125.1525,254.82875,19.1525,399.13375,284.4816424,39.74727654,86.85511814,157.8792477,178.6436859,337.8068053,13.14434012,99.49013077,225.1723344,75.63299642,145.1310733,145.1310733,1258.06625,-721.2596212,-361.3759091,-11.97454545,-300.0581439
3_5,3,5,2021,Loamy,3,525074,4515865,474.28375,551.7125,1062.1825,2124.27125,428.1070981,26.4443897,113.5689228,288.0937856,310.6279659,284.4816424,39.74727654,86.85511814,157.8792477,13.14434012,225.1723344,225.1723344,399.13375,1003.877879,-12.24465909,284.9092045,742.9718561
3_5,3,5,2022,Loamy,3,525074,4515865,221.31375,116.88125,24.11875,362.31375,270.8806138,46.19301408,66.7266022,157.9609975,110.1047056,428.1070981,26.4443897,113.5689228,288.0937856,39.74727654,157.8792477,157.8792477,2124.27125,-758.0796212,-265.2146591,-149.9220455,-295.0918939
3_5,3,5,2023,Loamy,3,525074,4515865,846.31875,571.90625,1100.64375,2523.3025,407.5469292,43.48696317,48.514,315.5459661,247.177199,270.8806138,46.19301408,66.7266022,157.9609975,26.4443897,288.0937856,288.0937856,362.31375,1402.909129,359.7903409,305.1029545,781.4331061
3_6,3,6,2013,Sandy,3,524598,4519705,361.26625,166.5725,17.35625,549.43375,256.0225382,69.41801772,26.416,160.1885205,117.0527056,191.3830215,82.49730083,18.288,90.59772065,3.727595982,221.6816225,221.6816225,NA,-727.0567045,86.99931818,-454.2463636,-327.9384091
3_6,3,6,2014,Sandy,3,524598,4519705,555.41625,1104.44625,58.9325,1832.62375,461.941625,187.0377075,76.2,198.7039175,146.3714933,256.0225382,69.41801772,26.416,160.1885205,82.49730083,90.59772065,90.59772065,549.43375,556.1332955,281.1493182,483.6273864,-286.3621591
3_6,3,6,2015,Sandy,3,524598,4519705,531.33375,489.75875,162.535,1335.39875,379.9299543,75.87373072,60.198,243.8582235,222.6962036,461.941625,187.0377075,76.2,198.7039175,69.41801772,160.1885205,160.1885205,1832.62375,58.90829545,257.0668182,-131.0601136,-182.7596591
3_6,3,6,2016,Sandy,3,524598,4519705,128.5625,585.22125,1.4125,727.84375,233.2521262,57.90304505,71.374,103.9750812,104.4959763,379.9299543,75.87373072,60.198,243.8582235,187.0377075,198.7039175,198.7039175,1335.39875,-548.6467045,-145.7044318,-35.59761364,-343.8821591
3_6,3,6,2017,Sandy,3,524598,4519705,219.1475,856.80625,181.57375,1257.93125,308.7459087,56.19971482,55.88,196.6661939,151.6452074,233.2521262,57.90304505,71.374,103.9750812,75.87373072,243.8582235,243.8582235,727.84375,-18.55920455,-55.11943182,235.9873864,-163.7209091
3_6,3,6,2018,Sandy,3,524598,4519705,132.195,760.67125,49.31,1005.48125,303.4367599,79.68659247,53.34,170.4101675,168.0453143,308.7459087,56.19971482,55.88,196.6661939,57.90304505,103.9750812,103.9750812,1257.93125,-271.0092045,-142.0719318,139.8523864,-295.9846591
3_6,3,6,2019,Sandy,3,524598,4519705,271.2575,403.96375,838.26625,1551.45125,342.1900019,16.50172574,82.8421607,242.8461154,291.4659463,303.4367599,79.68659247,53.34,170.4101675,56.19971482,196.6661939,196.6661939,1005.48125,274.9607955,-3.009431818,-216.8551136,492.9715909
3_6,3,6,2020,Sandy,3,524598,4519705,155.6725,327.66875,79.3025,562.64375,275.9580204,31.19370295,83.85344847,160.910869,197.11654,342.1900019,16.50172574,82.8421607,242.8461154,79.68659247,170.4101675,170.4101675,1551.45125,-713.8467045,-118.5944318,-293.1501136,-265.9921591
3_6,3,6,2021,Sandy,3,524598,4519705,207.805,829.265,1379.77375,2419.79,377.4760337,25.97424688,113.6806208,237.8211659,268.3416009,275.9580204,31.19370295,83.85344847,160.910869,16.50172574,242.8461154,242.8461154,562.64375,1143.299545,-66.46193182,208.4461364,1034.479091
3_6,3,6,2022,Sandy,3,524598,4519705,52.23375,109.1725,157.94,329.45125,259.4485446,40.15086726,67.34475845,151.9529189,101.8475695,377.4760337,25.97424688,113.6806208,237.8211659,31.19370295,160.910869,160.910869,2419.79,-947.0392045,-222.0331818,-511.6463636,-187.3546591
3_6,3,6,2023,Sandy,3,524598,4519705,402.04625,1195.46125,871.83875,2469.34625,426.2383902,50.32667242,48.514,327.3977178,238.5388866,259.4485446,40.15086726,67.34475845,151.9529189,25.97424688,237.8211659,237.8211659,329.45125,1192.855795,127.7793182,574.6423864,526.5440909
3_7,3,7,2013,Loamy,3.5,524537,4521730,611.59375,262.97625,27.31375,974.40625,279.57612,73.40870289,26.416,179.7514171,121.5737586,220.1507544,92.3478329,18.288,109.5149215,4.965957947,223.0063324,223.0063324,NA,-177.3578409,127.9622727,-66.74852273,-223.1338636
3_7,3,7,2014,Loamy,3.5,524537,4521730,698.645,235.19,149.07875,1397.6225,441.0777434,179.2443495,76.2,185.6333939,133.7550537,279.57612,73.40870289,26.416,179.7514171,92.3478329,109.5149215,109.5149215,974.40625,245.8584091,215.0135227,-94.53477273,-101.3688636
3_7,3,7,2015,Loamy,3.5,524537,4521730,401.42875,541.76125,329.7125,1288.74,378.7134517,66.91703443,60.198,251.5984173,230.2298762,441.0777434,179.2443495,76.2,185.6333939,73.40870289,179.7514171,179.7514171,1397.6225,136.9759091,-82.20272727,212.0364773,79.26488636
3_7,3,7,2016,Loamy,3.5,524537,4521730,260.2175,151.70375,101.11375,819.26875,244.6675816,62.08970335,71.374,111.2038782,108.7442925,378.7134517,66.91703443,60.198,251.5984173,179.2443495,185.6333939,185.6333939,1288.74,-332.4953409,-223.4139773,-178.0210227,-149.3338636
3_7,3,7,2017,Loamy,3.5,524537,4521730,696.9625,348.3475,17.425,1065.29125,328.1381868,73.33439678,55.88,198.92379,155.5008854,244.6675816,62.08970335,71.374,111.2038782,66.91703443,251.5984173,251.5984173,819.26875,-86.47284091,213.3310227,18.62272727,-233.0226136
3_7,3,7,2018,Loamy,3.5,524537,4521730,262.5075,464.52875,15.74125,830.43625,310.6161235,83.16475934,53.34,174.1113642,169.6534103,328.1381868,73.33439678,55.88,198.92379,62.08970335,111.2038782,111.2038782,1065.29125,-321.3278409,-221.1239773,134.8039773,-234.7063636
3_7,3,7,2019,Loamy,3.5,524537,4521730,362.43375,666.19125,274.67625,1357.13375,342.2291092,18.18945928,73.40174887,250.637901,291.2551031,310.6161235,83.16475934,53.34,174.1113642,73.33439678,198.92379,198.92379,830.43625,205.3696591,-121.1977273,336.4664773,24.22863636
3_7,3,7,2020,Loamy,3.5,524537,4521730,199.08125,274.4525,0.175,495.075,269.1121996,32.3272075,79.04278928,157.7422028,186.7005393,342.2291092,18.18945928,73.40174887,250.637901,83.16475934,174.1113642,174.1113642,1357.13375,-656.6890909,-284.5502273,-55.27227273,-250.2726136
3_7,3,7,2021,Loamy,3.5,524537,4521730,389.5475,347.8775,878.315,1680.39875,339.3014468,28.06041703,113.2945183,197.9465115,234.5898457,269.1121996,32.3272075,79.04278928,157.7422028,18.18945928,250.637901,250.637901,495.075,528.6346591,-94.08397727,18.15272727,627.8673864
3_7,3,7,2022,Loamy,3.5,524537,4521730,266.495,56.49,104.86125,427.84625,291.2952105,35.64085939,65.79821725,189.8561339,98.6556718,339.3014468,28.06041703,113.2945183,197.9465115,32.3272075,157.7422028,157.7422028,1680.39875,-723.9178409,-217.1364773,-273.2347727,-145.5863636
3_7,3,7,2023,Loamy,3.5,524537,4521730,1171.03375,277.45375,856.51125,2333.18625,410.3801068,45.41414521,48.514,316.4519616,210.0678755,291.2952105,35.64085939,65.79821725,189.8561339,28.06041703,197.9465115,197.9465115,427.84625,1181.422159,687.4022727,-52.27102273,606.0636364
3_8,3,8,2013,Loamy,3,526819,4522630,847.32125,145.85125,3.42375,996.59625,291.1116417,74.70837446,26.416,189.9872672,120.740949,217.5829379,84.52340216,18.288,114.7715357,6.704951609,230.5361013,230.5361013,NA,-188.7913258,346.5123864,-243.5110985,-249.94625
3_8,3,8,2014,Loamy,3,526819,4522630,756.48,56.53333333,26.125,1005.843333,420.5513595,161.6038889,76.2,182.7474706,117.5021919,291.1116417,74.70837446,26.416,189.9872672,84.52340216,114.7715357,114.7715357,996.59625,-179.5442424,255.6711364,-332.8290152,-227.245
3_8,3,8,2015,Loamy,3,526819,4522630,893.135,660.29875,48.3025,1620.1025,387.5209303,66.75614504,60.198,260.5667852,232.1873437,420.5513595,161.6038889,76.2,182.7474706,74.70837446,189.9872672,189.9872672,1005.843333,434.7149242,392.3261364,270.9364015,-205.0675
3_8,3,8,2016,Loamy,3,526819,4522630,318.6125,475.2275,36.53,898.51875,244.6127612,62.85239331,71.374,110.3863679,102.3069114,387.5209303,66.75614504,60.198,260.5667852,161.6038889,182.7474706,182.7474706,1620.1025,-286.8688258,-182.1963636,85.86515152,-216.84
3_8,3,8,2017,Loamy,3,526819,4522630,606.47875,245.08125,15.205,866.96625,330.2592253,92.126197,55.88,182.2530283,157.2093729,244.6127612,62.85239331,71.374,110.3863679,66.75614504,260.5667852,260.5667852,898.51875,-318.4213258,105.6698864,-144.2810985,-238.165
3_8,3,8,2018,Loamy,3,526819,4522630,229.40625,167.61375,5.3875,446.54,324.9672748,85.09550619,53.34,186.5317686,177.6280328,330.2592253,92.126197,55.88,182.2530283,62.85239331,110.3863679,110.3863679,866.96625,-738.8475758,-271.4026136,-221.7485985,-247.9825
3_8,3,8,2019,Loamy,3,526819,4522630,252.80375,930.72125,299.1425,1533.21625,353.3971017,22.00715505,74.19324848,257.1966982,296.2032873,324.9672748,85.09550619,53.34,186.5317686,92.126197,182.2530283,182.2530283,446.54,347.8286742,-248.0051136,541.3589015,45.7725
3_8,3,8,2020,Loamy,3,526819,4522630,117.46125,328.71,0.55125,446.7225,296.4971791,47.34638523,80.11273198,169.0380619,190.8627047,353.3971017,22.00715505,74.19324848,257.1966982,85.09550619,186.5317686,186.5317686,1533.21625,-738.6650758,-383.3476136,-60.65234848,-252.81875
3_8,3,8,2021,Loamy,3,526819,4522630,439.44375,698.51125,188.86,1356.5775,378.0563184,25.57053544,112.821735,239.664048,267.0266221,296.4971791,47.34638523,80.11273198,169.0380619,22.00715505,257.1966982,257.1966982,446.7225,171.1899242,-61.36511364,309.1489015,-64.51
3_8,3,8,2022,Loamy,3,526819,4522630,189.08875,110.97,5.33625,305.395,286.0644474,38.30211819,66.40005834,181.3622709,103.000402,378.0563184,25.57053544,112.821735,239.664048,47.34638523,169.0380619,169.0380619,1356.5775,-879.9925758,-311.7201136,-278.3923485,-248.03375
3_8,3,8,2023,Loamy,3,526819,4522630,858.66625,463.4675,2158.20625,3562.785,473.7741124,55.08817806,48.514,370.1719343,244.3070836,286.0644474,38.30211819,66.40005834,181.3622709,25.57053544,239.664048,239.664048,305.395,2377.397424,357.8573864,74.10515152,1904.83625
3_9,3,9,2013,Salt Flats,3,526212.5,4520250,870.59875,690.1,108.715,1833.8325,271.6844205,72.94305781,26.416,172.3253627,119.7357361,195.4150907,81.14281973,18.288,95.98427096,5.359241288,240.6967444,240.6967444,NA,-408.2840909,-119.0069318,-315.0764773,-97.44
3_9,3,9,2014,Salt Flats,3,526212.5,4520250,669.31125,1431.33,26.84375,2164.285,445.3250607,183.4025198,76.2,185.7225409,128.9623798,271.6844205,72.94305781,26.416,172.3253627,81.14281973,95.98427096,95.98427096,1833.8325,-77.83159091,-320.2944318,426.1535227,-179.31125
3_9,3,9,2015,Salt Flats,3,526212.5,4520250,761.21125,1672.375,37.8075,2501.93625,378.8081216,74.06867713,60.198,244.5414444,221.1729886,445.3250607,183.4025198,76.2,185.7225409,72.94305781,172.3253627,172.3253627,2164.285,259.8196591,-228.3944318,667.1985227,-168.3475
3_9,3,9,2016,Salt Flats,3,526212.5,4520250,997.815,556.22625,70.22125,1651.71125,239.8052962,59.99012987,71.374,108.4411664,105.5113656,378.8081216,74.06867713,60.198,244.5414444,183.4025198,185.7225409,185.7225409,2501.93625,-590.4053409,8.209318182,-448.9502273,-135.93375
3_9,3,9,2017,Salt Flats,3,526212.5,4520250,1112.72125,1323.8275,171.82,2608.36875,314.9717953,62.76202227,55.88,196.329773,158.4975776,239.8052962,59.99012987,71.374,108.4411664,74.06867713,244.5414444,244.5414444,1651.71125,366.2521591,123.1155682,318.6510227,-34.335
3_9,3,9,2018,Salt Flats,3,526212.5,4520250,1081.63875,717.685,136.0275,1964.8175,323.5018391,81.53946573,53.34,188.6223733,180.1105516,314.9717953,62.76202227,55.88,196.329773,59.99012987,108.4411664,108.4411664,2608.36875,-277.2990909,92.03306818,-287.4914773,-70.1275
3_9,3,9,2019,Salt Flats,3,526212.5,4520250,998.0175,1217.87625,334.54375,2711.1425,347.5888984,20.96948595,78.22644361,248.3929688,292.7078017,323.5018391,81.53946573,53.34,188.6223733,62.76202227,196.329773,196.329773,1964.8175,469.0259091,8.411818182,212.6997727,128.38875
3_9,3,9,2020,Salt Flats,3,526212.5,4520250,934.8,472.045,77.81625,1484.66125,283.4844616,35.03700757,80.76038399,167.68707,195.5523146,347.5888984,20.96948595,78.22644361,248.3929688,81.53946573,188.6223733,188.6223733,2711.1425,-757.4553409,-54.80568182,-533.1314773,-128.33875
3_9,3,9,2021,Salt Flats,3,526212.5,4520250,809.57375,1588.6325,414.7875,2812.99375,404.8211447,23.51250826,112.8824847,268.4261517,299.9067534,283.4844616,35.03700757,80.76038399,167.68707,20.96948595,248.3929688,248.3929688,1484.66125,570.8771591,-180.0319318,583.4560227,208.6325
3_9,3,9,2022,Salt Flats,3,526212.5,4520250,497.82375,316.7825,148.34125,963.0075,283.8766845,37.61748157,66.37068642,179.8885166,108.2324939,404.8211447,23.51250826,112.8824847,268.4261517,35.03700757,167.68707,167.68707,2812.99375,-1279.109091,-491.7819318,-688.3939773,-57.81375
3_9,3,9,2023,Salt Flats,3,526212.5,4520250,2152.15125,1070.06125,740.78125,3966.52625,454.3650001,46.10056307,48.514,359.750437,253.5421008,283.8766845,37.61748157,66.37068642,179.8885166,23.51250826,268.4261517,268.4261517,963.0075,1724.409659,1162.545568,64.88477273,534.62625
4_1,4,1,2013,Loamy,4,519854.5,4520665,564.70125,91.96375,85.44,790.00375,265.511755,72.30911909,26.416,166.7866359,121.7362902,197.1029617,89.71875426,18.288,89.09620741,10.28530399,215.6920246,215.6920246,NA,-292.2651136,123.2529545,-70.66465909,-81.23897727
4_1,4,1,2014,Loamy,4,519854.5,4520665,436.0725,45.815,392.21,1233.275,483.7514428,210.2684303,76.2,197.2830124,151.4267258,265.511755,72.30911909,26.416,166.7866359,89.71875426,89.09620741,89.09620741,790.00375,151.0061364,-5.375795455,-116.8134091,225.5310227
4_1,4,1,2015,Loamy,4,519854.5,4520665,714.52125,200.7475,355.20875,1457.5675,409.5631779,68.14880084,60.198,281.2163771,251.4692066,483.7514428,210.2684303,76.2,197.2830124,72.30911909,166.7866359,166.7866359,1233.275,375.2986364,273.0729545,38.11909091,188.5297727
4_1,4,1,2016,Loamy,4,519854.5,4520665,362.475,180.4975,63.91,1008.78125,251.8809139,64.50656458,71.374,116.0003493,111.9563507,409.5631779,68.14880084,60.198,281.2163771,210.2684303,197.2830124,197.2830124,1457.5675,-73.48761364,-78.97329545,17.86909091,-102.7689773
4_1,4,1,2017,Loamy,4,519854.5,4520665,307.9825,91.63,75.41375,514.3825,266.154855,36.69501916,55.88,173.5798358,155.6092045,251.8809139,64.50656458,71.374,116.0003493,68.14880084,281.2163771,281.2163771,1008.78125,-567.8863636,-133.4657955,-70.99840909,-91.26522727
4_1,4,1,2018,Loamy,4,519854.5,4520665,166.64,129.83875,28.255,874.5025,301.0956437,83.32926444,53.34,164.4263793,160.523425,266.154855,36.69501916,55.88,173.5798358,64.50656458,116.0003493,116.0003493,514.3825,-207.7663636,-274.8082955,-32.78965909,-138.4239773
4_1,4,1,2019,Loamy,4,519854.5,4520665,407.6975,161.97125,353.06875,1171.2375,357.8522282,14.41492617,85.73405242,257.7032497,293.2171423,301.0956437,83.32926444,53.34,164.4263793,36.69501916,173.5798358,173.5798358,874.5025,88.96863636,-33.75079545,-0.657159091,186.3897727
4_1,4,1,2020,Loamy,4,519854.5,4520665,144.5475,264.98125,16.59,473.58125,264.2021088,33.40749099,77.24637074,153.5482471,175.1000543,357.8522282,14.41492617,85.73405242,257.7032497,83.32926444,164.4263793,164.4263793,1171.2375,-608.6876136,-296.9007955,102.3528409,-150.0889773
4_1,4,1,2021,Loamy,4,519854.5,4520665,188.59,389.015,56.1325,1176.435,357.5475478,30.00066377,111.9787827,215.5681012,239.8077993,264.2021088,33.40749099,77.24637074,153.5482471,14.41492617,257.7032497,257.7032497,473.58125,94.16613636,-252.8582955,226.3865909,-110.5464773
4_1,4,1,2022,Loamy,4,519854.5,4520665,60.00625,59.45625,7.945,128.51125,227.2405684,37.05335927,64.642755,125.5444541,91.86915706,357.5475478,30.00066377,111.9787827,215.5681012,33.40749099,153.5482471,153.5482471,1176.435,-953.7576136,-381.4420455,-103.1721591,-158.7339773
4_1,4,1,2023,Loamy,4,519854.5,4520665,1502.6975,172.99625,399.295,3076.68,402.9230801,46.51876299,48.514,307.8903171,226.5540696,227.2405684,37.05335927,64.642755,125.5444541,30.00066377,215.5681012,215.5681012,128.51125,1994.411136,1061.249205,10.36784091,232.6160227
4_10,4,10,2013,Sandy,5,526432,4519220,595.78375,148.4075,124.7275,901.75,263.6001533,72.04261572,26.416,165.1415376,116.8899341,201.3840359,79.02434881,18.288,104.0716871,4.849310876,242.5552303,242.5552303,NA,-342.2032955,-38.64375,-131.9221591,-85.16795455
4_10,4,10,2014,Sandy,5,526432,4519220,738.6075,351.64375,131.8575,1609.275,455.4226822,184.8480903,76.2,194.3745919,132.1466041,263.6001533,72.04261572,26.416,165.1415376,79.02434881,104.0716871,104.0716871,901.75,365.3217045,104.18,71.31409091,-78.03795455
4_10,4,10,2015,Sandy,5,526432,4519220,1006.09,291.23,246.965,1607.6575,375.890238,73.32937257,60.198,242.3628654,219.0008098,455.4226822,184.8480903,76.2,194.3745919,72.04261572,165.1415376,165.1415376,1609.275,363.7042045,371.6625,10.90034091,37.06954545
4_10,4,10,2016,Sandy,5,526432,4519220,380.84125,244.40875,109.86,1238.7275,232.0157353,57.90626875,71.374,102.7354665,102.6809582,375.890238,73.32937257,60.198,242.3628654,184.8480903,194.3745919,194.3745919,1607.6575,-5.225795455,-253.58625,-35.92090909,-100.0354545
4_10,4,10,2017,Sandy,5,526432,4519220,488.88375,404.7225,213.19375,1107.31875,304.3249307,59.6551378,55.88,188.7897929,151.0839451,232.0157353,57.90626875,71.374,102.7354665,73.32937257,242.3628654,242.3628654,1238.7275,-136.6345455,-145.54375,124.3928409,3.298295455
4_10,4,10,2018,Sandy,5,526432,4519220,459.82125,415.42,101.8525,1145.885,306.8301927,80.00740252,53.34,173.4827902,168.8135887,304.3249307,59.6551378,55.88,188.7897929,57.90626875,102.7354665,102.7354665,1107.31875,-98.06829545,-174.60625,135.0903409,-108.0429545
4_10,4,10,2019,Sandy,5,526432,4519220,442.41,250.57125,178.9425,901.7675,339.5219692,18.87620729,83.56985064,237.0759112,286.9489396,306.8301927,80.00740252,53.34,173.4827902,59.6551378,188.7897929,188.7897929,1145.885,-342.1857955,-192.0175,-29.75840909,-30.95295455
4_10,4,10,2020,Sandy,5,526432,4519220,185.65125,207.5075,21.6025,460.29875,274.0552804,34.13580123,82.57576981,157.3437093,188.6169373,339.5219692,18.87620729,83.56985064,237.0759112,80.00740252,173.4827902,173.4827902,901.7675,-783.6545455,-448.77625,-72.82215909,-188.2929545
4_10,4,10,2021,Sandy,5,526432,4519220,931.1175,298.72625,296.99,1571.4775,434.619328,23.47606834,112.9141932,298.2290665,328.5570428,274.0552804,34.13580123,82.57576981,157.3437093,18.87620729,237.0759112,237.0759112,460.29875,327.5242045,296.69,18.39659091,87.09454545
4_10,4,10,2022,Sandy,5,526432,4519220,342.1325,44.045,15.44,405.08875,277.2119778,40.43908198,66.96892167,169.8039742,108.4969955,434.619328,23.47606834,112.9141932,298.2290665,34.13580123,157.3437093,157.3437093,1571.4775,-838.8645455,-292.295,-236.2846591,-194.4554545
4_10,4,10,2023,Sandy,5,526432,4519220,1407.36375,426.94375,867.41875,2734.24,456.2569022,46.17973768,48.514,361.5631645,261.0467041,277.2119778,40.43908198,66.96892167,169.8039742,23.47606834,298.2290665,298.2290665,405.08875,1490.286705,772.93625,146.6140909,657.5232955
4_2,4,2,2013,Loamy,4,520200.5,4519025,426.31875,108.10875,74.4725,627.3325,248.680228,68.36825361,26.416,153.8959743,121.4882606,211.4056904,91.18897638,18.288,101.928714,9.985034481,213.349441,213.349441,NA,-588.9106818,-18.87125,-140.86375,-233.5567045
4_2,4,2,2014,Loamy,4,520200.5,4519025,569.21,194.89375,107.77375,1003.66875,497.5479668,195.5302309,76.2,225.8177359,172.1210928,248.680228,68.36825361,26.416,153.8959743,91.18897638,101.928714,101.928714,627.3325,-212.5744318,124.02,-54.07875,-200.2554545
4_2,4,2,2015,Loamy,4,520200.5,4519025,901.67875,191.7325,352.58625,1873.0575,402.3397382,69.74238252,60.198,272.3993557,246.1992553,497.5479668,195.5302309,76.2,225.8177359,68.36825361,153.8959743,153.8959743,1003.66875,656.8143182,456.48875,-57.24,44.55704545
4_2,4,2,2016,Loamy,4,520200.5,4519025,533.0825,186.55125,34.64625,1247.33625,241.1186721,59.34857313,71.374,110.396099,108.2731637,402.3397382,69.74238252,60.198,272.3993557,195.5302309,225.8177359,225.8177359,1873.0575,31.09306818,87.8925,-62.42125,-273.3829545
4_2,4,2,2017,Loamy,4,520200.5,4519025,559.1875,178.7475,34.84875,1094.22375,306.7680705,49.45633535,55.88,201.4317351,169.0184876,241.1186721,59.34857313,71.374,110.396099,69.74238252,272.3993557,272.3993557,1247.33625,-122.0194318,113.9975,-70.225,-273.1804545
4_2,4,2,2018,Loamy,4,520200.5,4519025,250.4625,95.86625,59.80625,806.68875,303.2276873,90.03129398,53.34,159.8563933,155.7498396,306.7680705,49.45633535,55.88,201.4317351,59.34857313,110.396099,110.396099,1094.22375,-409.5544318,-194.7275,-153.10625,-248.2229545
4_2,4,2,2019,Loamy,4,520200.5,4519025,394.82625,328.95125,473.0825,1414.51875,347.712611,14.34927276,88.16283459,245.2005037,287.4277398,303.2276873,90.03129398,53.34,159.8563933,49.45633535,201.4317351,201.4317351,806.68875,198.2755682,-50.36375,79.97875,165.0532955
4_2,4,2,2020,Loamy,4,520200.5,4519025,214.30875,125.58625,14.37,397.83875,273.7700552,36.93405822,80.35000417,156.4859928,185.6675375,347.712611,14.34927276,88.16283459,245.2005037,90.03129398,159.8563933,159.8563933,1414.51875,-818.4044318,-230.88125,-123.38625,-293.6592045
4_2,4,2,2021,Loamy,4,520200.5,4519025,273.2825,153.4725,537.65125,1236.4375,376.9756325,29.2139708,113.1903629,234.5712988,271.1080825,273.7700552,36.93405822,80.35000417,156.4859928,14.34927276,245.2005037,245.2005037,397.83875,20.19431818,-171.9075,-95.5,229.6220455
4_2,4,2,2022,Loamy,4,520200.5,4519025,68.90875,62.18875,11.37625,143.16,241.9942109,45.19433551,65.89961549,130.9002599,96.23000815,376.9756325,29.2139708,113.1903629,234.5712988,36.93405822,156.4859928,156.4859928,1236.4375,-1073.083182,-376.28125,-186.78375,-296.6529545
4_2,4,2,2023,Loamy,4,520200.5,4519025,705.82375,1112.59875,1687.7075,3534.4125,403.3073778,50.22684883,48.514,304.566529,239.172811,241.9942109,45.19433551,65.89961549,130.9002599,29.2139708,234.5712988,234.5712988,143.16,2318.169318,260.63375,863.62625,1379.678295
4_3,4,3,2013,Loamy,4,521669,4517170,205.2525,53.485,21.5275,382.79125,255.5908027,71.9097197,26.416,157.265083,119.0305034,205.334141,87.97193774,18.288,99.07420327,9.58644205,210.5340402,210.5340402,NA,-524.9387879,-192.3631439,-134.4992803,-117.2481818
4_3,4,3,2014,Loamy,4,521669,4517170,269.43375,92.16625,65.3225,938.94875,494.3910836,188.8395146,76.2,229.3515691,165.9763764,255.5908027,71.9097197,26.416,157.265083,87.97193774,99.07420327,99.07420327,382.79125,31.21871212,-128.1818939,-95.8180303,-73.45318182
4_3,4,3,2015,Loamy,4,521669,4517170,329.50875,167.85125,683.44,1200.37625,403.5844417,77.71657171,60.198,265.66987,235.9917018,494.3910836,188.8395146,76.2,229.3515691,71.9097197,157.265083,157.265083,938.94875,292.6462121,-68.10689394,-20.1330303,544.6643182
4_3,4,3,2016,Loamy,4,521669,4517170,217.09375,188.63875,31.75375,652.4275,234.0880802,57.47555061,71.374,105.2385296,105.7187094,403.5844417,77.71657171,60.198,265.66987,188.8395146,229.3515691,229.3515691,1200.37625,-255.3025379,-180.5218939,0.654469697,-107.0219318
4_3,4,3,2017,Loamy,4,521669,4517170,738.27,169.87,17.4225,928.79125,290.8856607,40.45415965,55.88,194.551501,159.2374147,234.0880802,57.47555061,71.374,105.2385296,77.71657171,265.66987,265.66987,652.4275,21.06121212,340.6543561,-18.1142803,-121.3531818
4_3,4,3,2018,Loamy,4,521669,4517170,255.5083333,198.1683333,42.92125,703.3541667,299.3248433,85.60288038,53.34,160.381963,159.7009884,290.8856607,40.45415965,55.88,194.551501,57.47555061,105.2385296,105.2385296,928.79125,-204.3758712,-142.1073106,10.18405303,-95.85443182
4_3,4,3,2019,Loamy,4,521669,4517170,217.425,322.225,261.54,1148.635,341.8951237,13.41765051,89.34922014,239.128253,283.329529,299.3248433,85.60288038,53.34,160.381963,40.45415965,194.551501,194.551501,703.3541667,240.9049621,-180.1906439,134.2407197,122.7643182
4_3,4,3,2020,Loamy,4,521669,4517170,113.04125,154.5775,4.46,310.6925,301.6197474,40.90243113,79.72756298,180.9897533,189.6200789,341.8951237,13.41765051,89.34922014,239.128253,85.60288038,160.381963,160.381963,1148.635,-597.0375379,-284.5743939,-33.4067803,-134.3156818
4_3,4,3,2021,Loamy,4,521669,4517170,657.125,199.50125,189.06875,1508.67125,425.9759237,24.84539242,114.7393751,286.3911562,316.4317187,301.6197474,40.90243113,79.72756298,180.9897533,13.41765051,239.128253,239.128253,310.6925,600.9412121,259.5093561,11.5169697,50.29306818
4_3,4,3,2022,Loamy,4,521669,4517170,244.105,78.745,90.78,417.175,246.2539533,52.64527375,66.10522871,127.5034508,95.99802097,425.9759237,24.84539242,114.7393751,286.3911562,40.90243113,180.9897533,180.9897533,1508.67125,-490.5550379,-153.5106439,-109.2392803,-47.99568182
4_3,4,3,2023,Loamy,4,521669,4517170,1127.00875,442.59875,118.29625,1793.1675,372.8850995,39.09179643,48.514,285.2793031,229.9444343,246.2539533,52.64527375,66.10522871,127.5034508,24.84539242,286.3911562,286.3911562,417.175,885.4374621,729.3931061,254.6144697,-20.47943182
4_4,4,4,2013,Loamy,4,523146.5,4517220,299.03375,43.45875,102.5275,482.62625,240.1572332,66.69212363,26.416,147.0491096,114.9517072,208.0787526,81.31755348,18.288,108.4731991,8.14364339,198.5631809,198.5631809,NA,-518.2272727,-298.0511364,-102.7061364,-14.71034091
4_4,4,4,2014,Loamy,4,523146.5,4517220,677.2525,17.02125,160.5175,1120.86125,495.1104025,188.0459186,76.2,230.8644839,157.8013984,240.1572332,66.69212363,26.416,147.0491096,81.31755348,108.4731991,108.4731991,482.62625,120.0077273,80.16761364,-129.1436364,43.27965909
4_4,4,4,2015,Loamy,4,523146.5,4517220,884.79375,233.10625,116.58875,1458.715,405.790562,79.68472489,60.198,265.9078371,238.0552032,495.1104025,188.0459186,76.2,230.8644839,66.69212363,147.0491096,147.0491096,1120.86125,457.8614773,287.7088636,86.94136364,-0.649090909
4_4,4,4,2016,Loamy,4,523146.5,4517220,339.66875,332.875,43.1225,1009.1175,235.710135,57.94923212,71.374,106.3869029,108.3106477,405.790562,79.68472489,60.198,265.9078371,188.0459186,230.8644839,230.8644839,1458.715,8.263977273,-257.4161364,186.7101136,-74.11534091
4_4,4,4,2017,Loamy,4,523146.5,4517220,724.61375,91.83125,76.155,1006.2275,294.5205213,49.83549431,55.88,188.805027,149.4372043,235.710135,57.94923212,71.374,106.3869029,79.68472489,265.9078371,265.9078371,1009.1175,5.373977273,127.5288636,-54.33363636,-41.08284091
4_4,4,4,2018,Loamy,4,523146.5,4517220,269.435,165.495,16.55,628.345,294.027351,83.51119167,53.34,157.1761593,157.0480935,294.5205213,49.83549431,55.88,188.805027,57.94923212,106.3869029,106.3869029,1006.2275,-372.5085227,-327.6498864,19.33011364,-100.6878409
4_4,4,4,2019,Loamy,4,523146.5,4517220,583.2625,225.45,220.97,1179.41625,336.2991729,14.17331007,90.87602665,231.2498362,279.750937,294.027351,83.51119167,53.34,157.1761593,49.83549431,188.805027,188.805027,628.345,178.5627273,-13.82238636,79.28511364,103.7321591
4_4,4,4,2020,Loamy,4,523146.5,4517220,104.67125,109.26625,0.72625,219.0025,275.0425533,39.23791564,81.81011973,153.9945179,182.4339129,336.2991729,14.17331007,90.87602665,231.2498362,83.51119167,157.1761593,157.1761593,1179.41625,-781.8510227,-492.4136364,-36.89863636,-116.5115909
4_4,4,4,2021,Loamy,4,523146.5,4517220,751.7525,93.66,221.9875,1344.20125,462.6792616,29.86059826,113.4579085,319.3607549,349.9963575,275.0425533,39.23791564,81.81011973,153.9945179,14.17331007,231.2498362,231.2498362,219.0025,343.3477273,154.6676136,-52.50488636,104.7496591
4_4,4,4,2022,Loamy,4,523146.5,4517220,208.2625,84.44125,64.01125,356.99125,280.7297624,55.82762931,67.62197305,157.28016,110.7560919,462.6792616,29.86059826,113.4579085,319.3607549,39.23791564,153.9945179,153.9945179,1344.20125,-643.8622727,-388.8223864,-61.72363636,-53.22659091
4_4,4,4,2023,Loamy,4,523146.5,4517220,1725.1875,211.20875,266.46,2203.885,390.8284692,45.21629651,48.514,297.0981726,241.2034878,280.7297624,55.82762931,67.62197305,157.28016,29.86059826,319.3607549,319.3607549,356.99125,1203.031477,1128.102614,65.04386364,149.2221591
4_5,4,5,2013,Sandy,4,524908,4515105,258.94,157.35625,86.3125,502.60875,245.1944117,67.53094227,26.416,151.2474695,114.778623,203.8520632,80.11340524,18.288,105.450658,8.591666513,216.8355534,216.8355534,NA,-532.6771591,-82.93329545,-213.5990909,-198.9686364
4_5,4,5,2014,Sandy,4,524908,4515105,373.3075,155.80875,137.9925,689.7125,468.9854281,170.1056871,76.2,222.679741,144.8336682,245.1944117,67.53094227,26.416,151.2474695,80.11340524,105.450658,105.450658,502.60875,-345.5734091,31.43420455,-215.1465909,-147.2886364
4_5,4,5,2015,Sandy,4,524908,4515105,692.86125,772.6475,416.89875,1887.86875,400.624123,71.36634994,60.198,269.0597731,233.7392376,468.9854281,170.1056871,76.2,222.679741,67.53094227,151.2474695,151.2474695,689.7125,852.5828409,350.9879545,401.6921591,131.6176136
4_5,4,5,2016,Sandy,4,524908,4515105,249.65625,305.96375,82.2775,778.70375,219.085244,53.67803434,71.374,94.03320968,100.3101439,400.624123,71.36634994,60.198,269.0597731,170.1056871,222.679741,222.679741,1887.86875,-256.5821591,-92.21704545,-64.99159091,-203.0036364
4_5,4,5,2017,Sandy,4,524908,4515105,311.4125,515.18875,248.44375,1075.85375,279.9978065,44.12825546,55.88,179.9895511,152.4058449,219.085244,53.67803434,71.374,94.03320968,71.36634994,269.0597731,269.0597731,778.70375,40.56784091,-30.46079545,144.2334091,-36.83738636
4_5,4,5,2018,Sandy,4,524908,4515105,188.3025,366.78,50.455,692.17375,274.5703005,75.87856504,53.34,145.3517354,147.4613802,279.9978065,44.12825546,55.88,179.9895511,53.67803434,94.03320968,94.03320968,1075.85375,-343.1121591,-153.5707955,-4.175340909,-234.8261364
4_5,4,5,2019,Sandy,4,524908,4515105,159.09875,707.72875,85.10875,1009.48375,338.9145038,13.16174,103.6120876,222.1406762,282.8915832,274.5703005,75.87856504,53.34,145.3517354,44.12825546,179.9895511,179.9895511,692.17375,-25.80215909,-182.7745455,336.7734091,-200.1723864
4_5,4,5,2020,Sandy,4,524908,4515105,70.26125,242.63125,58.36,371.72375,287.7132753,41.1446965,89.59868827,156.9698905,178.8936674,338.9145038,13.16174,103.6120876,222.1406762,75.87856504,145.3517354,145.3517354,1009.48375,-663.5621591,-271.6120455,-128.3240909,-226.9211364
4_5,4,5,2021,Sandy,4,524908,4515105,575.34375,435.85125,576.7575,1678.42375,438.0172249,27.61848231,113.7279027,296.6708399,317.9011131,287.7132753,41.1446965,89.59868827,156.9698905,13.16174,222.1406762,222.1406762,371.72375,643.1378409,233.4704545,64.89590909,291.4763636
4_5,4,5,2022,Sandy,4,524908,4515105,150.37125,93.76,98.54375,342.675,264.8176533,44.75070954,66.21569689,153.8512469,108.3390702,438.0172249,27.61848231,113.7279027,296.6708399,41.1446965,156.9698905,156.9698905,1678.42375,-692.6109091,-191.5020455,-277.1953409,-186.7373864
4_5,4,5,2023,Sandy,4,524908,4515105,731.05125,326.7925,1296.9425,2358.9175,406.0436624,43.96842366,48.514,313.5612387,250.8730923,264.8176533,44.75070954,66.21569689,153.8512469,27.61848231,296.6708399,296.6708399,342.675,1323.631591,389.1779545,-44.16284091,1011.661364
4_6,4,6,2013,Sandy,4,524661.5,4519375,384.205,74.47125,112.4825,613.61,253.4068639,69.58846256,26.416,157.4024014,116.26795,190.7558299,81.27852564,18.288,91.18930422,3.990005048,221.6009238,221.6009238,NA,-656.8673864,73.84670455,-493.6246591,-216.7810227
4_6,4,6,2014,Sandy,4,524661.5,4519375,552.7275,1000.775,108.11,1874.7375,466.39153,185.3924141,76.2,204.7991159,149.7573605,253.4068639,69.58846256,26.416,157.4024014,81.27852564,91.18930422,91.18930422,613.61,604.2601136,242.3692045,432.6790909,-221.1535227
4_6,4,6,2015,Sandy,4,524661.5,4519375,795.7225,668.77625,189.445,1808.39875,381.122437,76.29357244,60.198,244.6308645,222.9657208,466.39153,185.3924141,76.2,204.7991159,69.58846256,157.4024014,157.4024014,1874.7375,537.9213636,485.3642045,100.6803409,-139.8185227
4_6,4,6,2016,Sandy,4,524661.5,4519375,130.91625,1267.72,33.6375,1436.31,230.8767526,57.22436939,71.374,102.2783832,103.3465309,381.122437,76.29357244,60.198,244.6308645,185.3924141,204.7991159,204.7991159,1808.39875,165.8326136,-179.4420455,699.6240909,-295.6260227
4_6,4,6,2017,Sandy,4,524661.5,4519375,211.645,585.4225,118.47125,925.09125,301.0467085,54.26323685,55.88,190.9034717,147.4397643,230.8767526,57.22436939,71.374,102.2783832,76.29357244,244.6308645,244.6308645,1436.31,-345.3861364,-98.71329545,17.32659091,-210.7922727
4_6,4,6,2018,Sandy,4,524661.5,4519375,121.0275,902.89125,53.4825,1103.6375,301.9921715,79.64233439,53.34,169.0098371,167.4326693,301.0467085,54.26323685,55.88,190.9034717,57.22436939,102.2783832,102.2783832,925.09125,-166.8398864,-189.3307955,334.7953409,-275.7810227
4_6,4,6,2019,Sandy,4,524661.5,4519375,142.42125,365.185,1390.3275,1947.67,351.7886458,16.46638277,86.82685292,248.4954102,300.2915451,301.9921715,79.64233439,53.34,169.0098371,54.26323685,190.9034717,190.9034717,1103.6375,677.1926136,-167.9370455,-202.9109091,1061.063977
4_6,4,6,2020,Sandy,4,524661.5,4519375,172.47875,157.75125,51.69125,460.40375,278.2105501,30.56354768,86.31671237,161.3302901,200.1924743,351.7886458,16.46638277,86.82685292,248.4954102,79.64233439,169.0098371,169.0098371,1947.67,-810.0736364,-137.8795455,-410.3446591,-277.5722727
4_6,4,6,2021,Sandy,4,524661.5,4519375,332.66625,283.79625,707.29625,1367.21875,390.897156,25.89371396,113.7044515,251.2989904,280.4220972,278.2105501,30.56354768,86.31671237,161.3302901,16.46638277,248.4954102,248.4954102,460.40375,96.74136364,22.30795455,-284.2996591,378.0327273
4_6,4,6,2022,Sandy,4,524661.5,4519375,99.60625,60.2575,54.7,268.54375,261.822255,43.64270346,67.98423291,150.1953186,103.7334896,390.897156,25.89371396,113.7044515,251.2989904,30.56354768,161.3302901,161.3302901,1367.21875,-1001.933636,-210.7520455,-507.8384091,-274.5635227
4_6,4,6,2023,Sandy,4,524661.5,4519375,470.525,882.00875,802.255,2169.63,424.2169457,51.02616203,48.514,324.6767837,240.3257234,261.822255,43.64270346,67.98423291,150.1953186,25.89371396,251.2989904,251.2989904,268.54375,899.1526136,160.1667045,313.9128409,472.9914773
4_7,4,7,2013,Sandy,3.5,524600.5,4521675,838.70875,145.85125,95.5275,1091.65875,278.8823262,73.48096913,26.416,178.9853571,121.7593458,218.3073976,91.50943507,18.288,108.5099625,4.883540225,223.719284,223.719284,NA,-194.8468561,396.4764394,-290.7285606,-202.5806439
4_7,4,7,2014,Sandy,3.5,524600.5,4521675,824.4475,369.54,87.1875,1681.39125,441.7902466,180.606885,76.2,184.9833616,133.8142849,278.8823262,73.48096913,26.416,178.9853571,91.50943507,108.5099625,108.5099625,1091.65875,394.8856439,382.2151894,-67.03981061,-210.9206439
4_7,4,7,2015,Sandy,3.5,524600.5,4521675,646.0591667,193.8404167,180.1833333,1058.226667,378.9463481,66.90815198,60.198,251.8401962,230.2838403,441.7902466,180.606885,76.2,184.9833616,73.48096913,178.9853571,178.9853571,1681.39125,-228.2789394,203.8268561,-242.7393939,-117.9248106
4_7,4,7,2016,Sandy,3.5,524600.5,4521675,285.98375,639.78125,106.09,1301.6925,244.3164967,61.92141678,71.374,111.0210799,108.6624749,378.9463481,66.90815198,60.198,251.8401962,180.606885,184.9833616,184.9833616,1058.226667,15.18689394,-156.2485606,203.2014394,-192.0181439
4_7,4,7,2017,Sandy,3.5,524600.5,4521675,428.20375,693.06125,137.4425,1259.5025,328.0062618,72.70596649,55.88,199.4202954,155.9948864,244.3164967,61.92141678,71.374,111.0210799,66.90815198,251.8401962,251.8401962,1301.6925,-27.00310606,-14.02856061,256.4814394,-160.6656439
4_7,4,7,2018,Sandy,3.5,524600.5,4521675,205.7275,538.735,35.72375,910.02625,310.1684597,82.35183513,53.34,174.4766246,169.915497,328.0062618,72.70596649,55.88,199.4202954,61.92141678,111.0210799,111.0210799,1259.5025,-376.4793561,-236.5048106,102.1551894,-262.3843939
4_7,4,7,2019,Sandy,3.5,524600.5,4521675,304.7875,442.545,634.84375,1387.6325,343.9837711,18.33428745,73.76555972,251.8839239,292.7212906,310.1684597,82.35183513,53.34,174.4766246,72.70596649,199.4202954,199.4202954,910.02625,101.1268939,-137.4448106,5.965189394,336.7356061
4_7,4,7,2020,Sandy,3.5,524600.5,4521675,124.9575,339.9375,30.06625,520.465,269.602616,32.75801846,79.33981042,157.5047871,186.5015181,343.9837711,18.33428745,73.76555972,251.8839239,82.35183513,174.4766246,174.4766246,1387.6325,-766.0406061,-317.2748106,-96.64231061,-268.0418939
4_7,4,7,2021,Sandy,3.5,524600.5,4521675,395.87,274.485,723.41,1477.26625,346.0393707,27.70030411,113.463962,204.8751046,240.4583447,269.602616,32.75801846,79.33981042,157.5047871,18.33428745,251.8839239,251.8839239,520.465,190.7606439,-46.36231061,-162.0948106,425.3018561
4_7,4,7,2022,Sandy,3.5,524600.5,4521675,186.14125,148.3275,225.8475,649.495,293.2729733,35.93361464,65.94410972,191.395249,99.58250194,346.0393707,27.70030411,113.463962,204.8751046,32.75801846,157.5047871,157.5047871,1477.26625,-637.0106061,-256.0910606,-288.2523106,-72.26064394
4_7,4,7,2023,Sandy,3.5,524600.5,4521675,623.66875,1016.27375,1022.8675,2814.205,410.7289337,45.3008877,48.514,316.914046,211.5461994,293.2729733,35.93361464,65.94410972,191.395249,27.70030411,204.8751046,204.8751046,649.495,1527.699394,181.4364394,579.6939394,724.7593561
4_8,4,8,2013,Sandy,4,526617.5,4522960,815.5,121.56375,23.34375,960.4075,291.4614138,73.65526991,26.416,191.3901439,120.6026733,220.7581446,84.96098211,18.288,117.5091625,7.309517376,232.3598725,232.3598725,NA,-170.7979545,335.2932955,-234.20375,-242.8957955
4_8,4,8,2014,Sandy,4,526617.5,4522960,660.43375,509.4025,25.2275,1234.8225,421.522486,159.9978173,76.2,185.3246687,118.7279798,291.4614138,73.65526991,26.416,191.3901439,84.96098211,117.5091625,117.5091625,960.4075,103.6170455,180.2270455,153.635,-241.0120455
4_8,4,8,2015,Sandy,4,526617.5,4522960,571.765,409.02875,52.7425,1033.60375,386.6052218,65.90977566,60.198,260.4974461,232.1592834,421.522486,159.9978173,76.2,185.3246687,73.65526991,191.3901439,191.3901439,1234.8225,-97.60170455,91.55829545,53.26125,-213.4970455
4_8,4,8,2016,Sandy,4,526617.5,4522960,412.73125,542.165,13.5225,1072.29125,245.7192117,63.29312022,71.374,111.0520915,102.4738441,386.6052218,65.90977566,60.198,260.4974461,159.9978173,185.3246687,185.3246687,1033.60375,-58.91420455,-67.47545455,186.3975,-252.7170455
4_8,4,8,2017,Sandy,4,526617.5,4522960,475.56125,528.575,89.34125,1093.81375,329.891724,91.25101435,55.88,182.7607096,157.8054384,245.7192117,63.29312022,71.374,111.0520915,65.90977566,260.4974461,260.4974461,1072.29125,-37.39170455,-4.645454545,172.8075,-176.8982955
4_8,4,8,2018,Sandy,4,526617.5,4522960,307.24375,316.45875,34.9625,664.92125,327.7657966,87.11916372,53.34,187.3066329,178.0871805,329.891724,91.25101435,55.88,182.7607096,63.29312022,111.0520915,111.0520915,1093.81375,-466.2842045,-172.9629545,-39.30875,-231.2770455
4_8,4,8,2019,Sandy,4,526617.5,4522960,450.5175,319.46625,392.99625,1163.4575,349.9921411,22.27034048,73.20174846,254.5200521,292.6362581,327.7657966,87.11916372,53.34,187.3066329,91.25101435,182.7607096,182.7607096,664.92125,32.25204545,-29.68920455,-36.30125,126.7567045
4_8,4,8,2020,Sandy,4,526617.5,4522960,68.7075,283.80625,4.01,356.52375,292.0869262,50.53223449,78.54771556,163.0069762,186.56971,349.9921411,22.27034048,73.20174846,254.5200521,87.11916372,187.3066329,187.3066329,1163.4575,-774.6817045,-411.4992045,-71.96125,-262.2295455
4_8,4,8,2021,Sandy,4,526617.5,4522960,282.66875,510.94375,287.15,1177.86625,374.5487962,24.35202423,112.5229233,237.6738487,266.8730716,292.0869262,50.53223449,78.54771556,163.0069762,22.27034048,254.5200521,254.5200521,356.52375,46.66079545,-197.5379545,155.17625,20.91045455
4_8,4,8,2022,Sandy,4,526617.5,4522960,148.4075,91.64,11.41625,304.71875,278.9063937,38.11808075,65.59535473,175.1929582,100.6011019,374.5487962,24.35202423,112.5229233,237.6738487,50.53223449,163.0069762,163.0069762,1177.86625,-826.4867045,-331.7992045,-264.1275,-254.8232955
4_8,4,8,2023,Sandy,4,526617.5,4522960,1088.7375,280.3925,1993.9225,3380.83375,471.900353,58.13698118,48.514,365.2493718,239.4293772,278.9063937,38.11808075,65.59535473,175.1929582,24.35202423,237.6738487,237.6738487,304.71875,2249.628295,608.5307955,-75.375,1727.682955
4_9,4,9,2013,Salt Flats,4,526275,4520545,1054.66375,365.5025,3.6325,1449.9025,272.2506626,72.91419848,26.416,172.9204641,119.8159499,196.3883927,81.64744464,18.288,96.45294809,5.492704729,236.6244459,236.6244459,NA,-440.1445833,64.15689394,-255.3253788,-219.6841667
4_9,4,9,2014,Salt Flats,4,526275,4520545,1096.64125,863.2,115.8475,2221.27,441.7891597,182.7605967,76.2,182.828563,127.349783,272.2506626,72.91419848,26.416,172.9204641,81.64744464,96.45294809,96.45294809,1449.9025,331.2229167,106.1343939,242.3721212,-107.4691667
4_9,4,9,2015,Salt Flats,4,526275,4520545,921.5925,1082.04375,106.22625,2203.84625,378.601587,72.51670207,60.198,245.8868849,222.4503132,441.7891597,182.7605967,76.2,182.828563,72.91419848,172.9204641,172.9204641,2221.27,313.7991667,-68.91435606,461.2158712,-117.0904167
4_9,4,9,2016,Salt Flats,4,526275,4520545,657.0029167,514.8729167,9.508333333,1218.115417,240.5931473,60.35048056,71.374,108.8686668,105.3189519,378.601587,72.51670207,60.198,245.8868849,182.7605967,182.828563,182.828563,2203.84625,-671.9316667,-333.5039394,-105.9549621,-213.8083333
4_9,4,9,2017,Salt Flats,4,526275,4520545,559.6575,911.57,146.525,1617.7525,313.9161194,64.41260092,55.88,193.6235185,157.8743566,240.5931473,60.35048056,71.374,108.8686668,72.51670207,245.8868849,245.8868849,1218.115417,-272.2945833,-430.8493561,290.7421212,-76.79166667
4_9,4,9,2018,Salt Flats,4,526275,4520545,1085.60875,682.29625,98.49,1887.18125,321.7097973,81.15446737,53.34,187.2153299,179.0665565,313.9161194,64.41260092,55.88,193.6235185,60.35048056,108.8686668,108.8686668,1617.7525,-2.865833333,95.10189394,61.46837121,-124.8266667
4_9,4,9,2019,Salt Flats,4,526275,4520545,1115.545,726.6575,434.15,2418.14,349.6879281,20.58620885,77.26616042,251.8355588,295.051954,321.7097973,81.15446737,53.34,187.2153299,64.41260092,193.6235185,193.6235185,1887.18125,528.0929167,125.0381439,105.8296212,210.8333333
4_9,4,9,2020,Salt Flats,4,526275,4520545,498.1725,281.75125,57.9775,863.57375,287.1620401,36.33418894,80.60369827,170.2241529,196.672043,349.6879281,20.58620885,77.26616042,251.8355588,81.15446737,187.2153299,187.2153299,2418.14,-1026.473333,-492.3343561,-339.0766288,-165.3391667
4_9,4,9,2021,Salt Flats,4,526275,4520545,1163.02,875.79375,157.765,2315.285,401.6267949,24.5771065,112.9049041,264.1447844,293.8779878,287.1620401,36.33418894,80.60369827,170.2241529,20.58620885,251.8355588,251.8355588,863.57375,425.2379167,172.5131439,254.9658712,-65.55166667
4_9,4,9,2022,Salt Flats,4,526275,4520545,521.92,21.04125,117.99875,660.96,284.8438194,37.37801854,66.28597383,181.179827,107.372035,401.6267949,24.5771065,112.9049041,264.1447844,36.33418894,170.2241529,170.2241529,2315.285,-1229.087083,-468.5868561,-599.7866288,-105.3179167
4_9,4,9,2023,Salt Flats,4,526275,4520545,2221.75125,504.3775,1208.3625,3934.49125,453.7469235,45.76919744,48.514,359.4637261,251.4924859,284.8438194,37.37801854,66.28597383,181.179827,24.5771065,264.1447844,264.1447844,660.96,2044.444167,1231.244394,-116.4503788,985.0458333
5_10,5,10,2013,Salt Flats,5,526774.5,4519025,987.5225,250.05875,16.01125,1270.54625,266.6702808,73.95721652,26.416,166.2970642,117.5619339,205.8218473,79.06469663,18.288,108.4691507,5.402806963,242.9278644,242.9278644,NA,-247.3909091,166.2070455,-199.1728409,-181.2702273
5_10,5,10,2014,Salt Flats,5,526774.5,4519025,1131.69,310.53875,40.02875,1706.08,453.9685925,181.4872811,76.2,196.2813114,132.2548573,266.6702808,73.95721652,26.416,166.2970642,79.06469663,108.4691507,108.4691507,1270.54625,188.1428409,310.3745455,-138.6928409,-157.2527273
5_10,5,10,2015,Salt Flats,5,526774.5,4519025,1455.75125,594.64125,39.82875,2096.27625,376.475303,73.74781866,60.198,242.5294843,218.4929325,453.9685925,181.4872811,76.2,196.2813114,73.95721652,166.2970642,166.2970642,1706.08,578.3390909,634.4357955,145.4096591,-157.4527273
5_10,5,10,2016,Salt Flats,5,526774.5,4519025,717.3475,524.20375,8.13875,1347.91,231.87058,57.54995854,71.374,102.9466215,102.8902223,376.475303,73.74781866,60.198,242.5294843,181.4872811,196.2813114,196.2813114,2096.27625,-170.0271591,-103.9679545,74.97215909,-189.1427273
5_10,5,10,2017,Salt Flats,5,526774.5,4519025,1108.55125,342.62875,107.16875,1563.0575,300.9049551,59.82681681,55.88,185.1981382,152.8252015,231.87058,57.54995854,71.374,102.9466215,73.74781866,242.5294843,242.5294843,1347.91,45.12034091,287.2357955,-106.6028409,-90.11272727
5_10,5,10,2018,Salt Flats,5,526774.5,4519025,908.67625,385.8875,43.39125,1367.2725,301.2464038,79.63016868,53.34,168.2762351,164.3082511,300.9049551,59.82681681,55.88,185.1981382,57.54995854,102.9466215,102.9466215,1563.0575,-150.6646591,87.36079545,-63.34409091,-153.8902273
5_10,5,10,2019,Salt Flats,5,526774.5,4519025,542.16,681.3875,541.51125,1801.73125,338.6354138,18.75972035,85.45290833,234.4227851,285.9724355,301.2464038,79.63016868,53.34,168.2762351,59.82681681,185.1981382,185.1981382,1367.2725,283.7940909,-279.1554545,232.1559091,344.2297727
5_10,5,10,2020,Salt Flats,5,526774.5,4519025,415.2575,265.96125,15.70125,701.95875,272.2381465,34.2833743,83.19278344,154.7619887,186.1354751,338.6354138,18.75972035,85.45290833,234.4227851,79.63016868,168.2762351,168.2762351,1801.73125,-815.9784091,-406.0579545,-183.2703409,-181.5802273
5_10,5,10,2021,Salt Flats,5,526774.5,4519025,494.95125,711.95375,507.0875,1740.59375,460.9582979,24.22687738,112.7803239,323.9510966,352.1708456,272.2381465,34.2833743,83.19278344,154.7619887,18.75972035,234.4227851,234.4227851,701.95875,222.6565909,-326.3642045,262.7221591,309.8060227
5_10,5,10,2022,Salt Flats,5,526774.5,4519025,396.26875,156.6625,32.8025,585.73375,278.8024142,41.55868001,67.14480428,170.0989299,109.8165428,460.9582979,24.22687738,112.7803239,323.9510966,34.2833743,154.7619887,154.7619887,1740.59375,-932.2034091,-425.0467045,-292.5690909,-164.4789773
5_10,5,10,2023,Salt Flats,5,526774.5,4519025,876.29375,717.62375,818.42625,2516.14875,459.4248424,45.41634117,48.514,365.4945013,264.4775338,278.8024142,41.55868001,67.14480428,170.0989299,24.22687738,323.9510966,323.9510966,585.73375,998.2115909,54.97829545,268.3921591,621.1447727
5_7,5,7,2013,Salt Flats,5,525140.5,4522305,606.27625,543.24125,87.52375,1259.175,281.9658542,71.3921382,26.416,184.157716,121.3361759,218.4727889,90.69267258,18.288,109.4921163,5.871681176,227.4862232,227.4862232,NA,-151.9953409,280.8395455,-163.6228409,-210.1211364
5_7,5,7,2014,Salt Flats,5,525140.5,4522305,467.76,878.065,44.93875,1481.85125,429.5691496,170.5530427,76.2,182.8161068,129.7081534,281.9658542,71.3921382,26.416,184.157716,90.69267258,109.4921163,109.4921163,1259.175,70.68090909,142.3232955,171.2009091,-252.7061364
5_7,5,7,2015,Salt Flats,5,525140.5,4522305,438.6275,981.19875,108.84875,1653.67125,370.6191868,66.03797253,60.198,244.3832143,223.0875036,429.5691496,170.5530427,76.2,182.8161068,71.3921382,184.157716,184.157716,1481.85125,242.5009091,113.1907955,274.3346591,-188.7961364
5_7,5,7,2016,Salt Flats,5,525140.5,4522305,83.08125,838.24125,13.65625,1154.09,246.1833751,62.83602405,71.374,111.9733511,107.2077253,370.6191868,66.03797253,60.198,244.3832143,170.5530427,182.8161068,182.8161068,1653.67125,-257.0803409,-242.3554545,131.3771591,-283.9886364
5_7,5,7,2017,Salt Flats,5,525140.5,4522305,385.3475,633.1875,33.165,1051.7,312.3737157,73.31083341,55.88,183.1828823,149.4225332,246.1833751,62.83602405,71.374,111.9733511,66.03797253,244.3832143,244.3832143,1154.09,-359.4703409,59.91079545,-73.67659091,-264.4798864
5_7,5,7,2018,Salt Flats,5,525140.5,4522305,126.2075,580.64625,11.23375,730.66875,314.7157326,86.11616742,53.34,175.2595652,170.2559222,312.3737157,73.31083341,55.88,183.1828823,62.83602405,111.9733511,111.9733511,1051.7,-680.5015909,-199.2292045,-126.2178409,-286.4111364
5_7,5,7,2019,Salt Flats,5,525140.5,4522305,322.15625,1069.6975,307.36375,1906.7925,343.5807923,18.41193275,75.68126702,249.4875925,291.0337014,314.7157326,86.11616742,53.34,175.2595652,73.31083341,183.1828823,183.1828823,730.66875,495.6221591,-3.280454545,362.8334091,9.718863636
5_7,5,7,2020,Salt Flats,5,525140.5,4522305,88.97625,420.8425,69.11625,646.545,275.8311404,35.90427646,80.07705173,159.8498122,186.2981775,343.5807923,18.41193275,75.68126702,249.4875925,86.11616742,175.2595652,175.2595652,1906.7925,-764.6253409,-236.4604545,-286.0215909,-228.5286364
5_7,5,7,2021,Salt Flats,5,525140.5,4522305,139.0975,688.4275,468.26375,1387.095,336.5753312,28.19311754,113.4573729,194.9248408,229.1284674,275.8311404,35.90427646,80.07705173,159.8498122,18.41193275,249.4875925,249.4875925,646.545,-24.07534091,-186.3392045,-18.43659091,170.6188636
5_7,5,7,2022,Salt Flats,5,525140.5,4522305,148.20625,79.7475,218.575,466.5025,283.2180092,36.20244727,66.14942249,180.8661394,99.53243935,336.5753312,28.19311754,113.4573729,194.9248408,35.90427646,159.8498122,159.8498122,1387.095,-944.6678409,-177.2304545,-627.1165909,-79.06988636
5_7,5,7,2023,Salt Flats,5,525140.5,4522305,774.0675,1062.21,1911.40875,3784.7825,429.9551374,48.91456694,48.514,332.5265705,218.773861,283.2180092,36.20244727,66.14942249,180.8661394,28.19311754,194.9248408,194.9248408,466.5025,2373.612159,448.6307955,355.3459091,1613.763864
5_9,5,9,2013,Sandy,5,526522,4520355,465.67375,361.39875,47.495,890.04125,273.3991402,74.35663177,26.416,172.6265084,119.7049374,200.6938029,81.52044947,18.288,100.8853534,5.139080007,241.5432721,241.5432721,NA,-217.5545455,28.65840909,92.43534091,-287.4655682
5_9,5,9,2014,Sandy,5,526522,4520355,459.2825,289.75125,86.985,1274.045,443.0046099,182.5998656,76.2,184.2047443,125.4451559,273.3991402,74.35663177,26.416,172.6265084,81.52044947,100.8853534,100.8853534,890.04125,166.4492045,22.26715909,20.78784091,-247.9755682
5_9,5,9,2015,Sandy,5,526522,4520355,800.63375,270.66375,63.50875,1227.84625,380.6784173,74.24816928,60.198,246.232248,221.5725704,443.0046099,182.5998656,76.2,184.2047443,74.35663177,172.6265084,172.6265084,1274.045,120.2504545,363.6184091,1.700340909,-271.4518182
5_9,5,9,2016,Sandy,5,526522,4520355,166.03375,208.8875,37.27,475.295,240.4720913,60.13295669,71.374,108.9651346,105.2219187,380.6784173,74.24816928,60.198,246.232248,182.5998656,184.2047443,184.2047443,1227.84625,-632.3007955,-270.9815909,-60.07590909,-297.6905682
5_9,5,9,2017,Sandy,5,526522,4520355,410.17375,343.9075,46.6875,802.855,314.4469745,66.49733686,55.88,192.0696377,157.5582915,240.4720913,60.13295669,71.374,108.9651346,74.24816928,246.232248,246.232248,475.295,-304.7407955,-26.84159091,74.94409091,-288.2730682
5_9,5,9,2018,Sandy,5,526522,4520355,337.92125,387.36625,43.99875,799.89625,320.2724174,81.40811033,53.34,185.5243071,177.7711882,314.4469745,66.49733686,55.88,192.0696377,60.13295669,108.9651346,108.9651346,802.855,-307.6995455,-99.09409091,118.4028409,-290.9618182
5_9,5,9,2019,Sandy,5,526522,4520355,353.23875,309.20125,722.65625,1415.90875,347.3306943,20.47291964,78.46480831,248.3929664,293.1434024,320.2724174,81.40811033,53.34,185.5243071,66.49733686,192.0696377,192.0696377,799.89625,308.3129545,-83.77659091,40.23784091,387.6956818
5_9,5,9,2020,Sandy,5,526522,4520355,110.98375,158.92875,9.13,279.0425,286.4388227,35.74791348,81.20711658,169.4837927,194.0892385,347.3306943,20.47291964,78.46480831,248.3929664,81.40811033,185.5243071,185.5243071,1415.90875,-828.5532955,-326.0315909,-110.0346591,-325.8305682
5_9,5,9,2021,Sandy,5,526522,4520355,550.0075,333.59375,969.82875,1873.24125,411.0034652,24.43909601,113.0041715,273.5601977,302.8157977,286.4388227,35.74791348,81.20711658,169.4837927,20.47291964,248.3929664,248.3929664,279.0425,765.6454545,112.9921591,64.63034091,634.8681818
5_9,5,9,2022,Sandy,5,526522,4520355,160.18,53.4025,40.33875,253.92125,285.5578567,38.91500892,66.60740507,180.0354427,107.767413,411.0034652,24.43909601,113.0041715,273.5601977,35.74791348,169.4837927,169.4837927,1873.24125,-853.6745455,-276.8353409,-215.5609091,-294.6218182
5_9,5,9,2023,Sandy,5,526522,4520355,993.04,241.49625,1616.6675,2891.46125,459.3867718,45.58579995,48.514,365.2869718,255.403847,285.5578567,38.91500892,66.60740507,180.0354427,24.43909601,273.5601977,273.5601977,253.92125,1783.865455,556.0246591,-27.46715909,1281.706932
6_10,6,10,2013,Salt Flats,5,526745.5,4519020,913.99,250.79875,8.07375,1172.8625,267.0634808,74.13786295,26.416,166.5096178,117.6717102,205.9805879,79.26405733,18.288,108.4285306,5.523911943,241.9592755,241.9592755,NA,-546.9405682,114.3546591,-352.4261742,-278.0301136
6_10,6,10,2014,Salt Flats,5,526745.5,4519020,689.56375,1779.41125,20.58625,2617.71875,453.775759,181.3904057,76.2,196.1853533,132.0824667,267.0634808,74.13786295,26.416,166.5096178,79.26405733,108.4285306,108.4285306,1172.8625,897.9156818,-110.0715909,1176.186326,-265.5176136
6_10,6,10,2015,Salt Flats,5,526745.5,4519020,901.27625,771.9075,25.2275,1749.33625,376.4103006,73.87093366,60.198,242.341367,218.2020078,453.775759,181.3904057,76.2,196.1853533,74.13786295,166.5096178,166.5096178,2617.71875,29.53318182,101.6409091,168.6825758,-260.8763636
6_10,6,10,2016,Salt Flats,5,526745.5,4519020,496.2175,977.2975,12.51375,1498.0025,231.9706172,57.57031728,71.374,103.0262999,102.9543517,376.4103006,73.87093366,60.198,242.341367,181.3904057,196.1853533,196.1853533,1749.33625,-221.8005682,-303.4178409,374.0725758,-273.5901136
6_10,6,10,2017,Salt Flats,5,526745.5,4519020,657.27125,772.3125,93.24125,1559.15375,301.4068434,59.97804452,55.88,185.5487989,153.145022,231.9706172,57.57031728,71.374,103.0262999,73.87093366,242.341367,242.341367,1498.0025,-160.6493182,-142.3640909,169.0875758,-192.8626136
6_10,6,10,2018,Salt Flats,5,526745.5,4519020,854.5875,456.3004167,13.20875,1341.945,302.6670359,79.61857475,53.34,169.7084611,165.3773057,301.4068434,59.97804452,55.88,185.5487989,57.57031728,103.0262999,103.0262999,1559.15375,-377.8580682,54.95215909,-146.9245076,-272.8951136
6_10,6,10,2019,Salt Flats,5,526745.5,4519020,557.43,574.27625,615.165,1767.11375,339.4715178,18.98555532,85.38773703,235.0982254,286.3702507,302.6670359,79.61857475,53.34,169.7084611,59.97804452,185.5487989,185.5487989,1341.945,47.31068182,-242.2053409,-28.94867424,329.0611364
6_10,6,10,2020,Salt Flats,5,526745.5,4519020,531.94625,92.93375,30.3,655.61,272.9242341,34.28332884,83.14621569,155.4946896,186.5741207,339.4715178,18.98555532,85.38773703,235.0982254,79.61857475,169.7084611,169.7084611,1767.11375,-1064.193068,-267.6890909,-510.2911742,-255.8038636
6_10,6,10,2021,Salt Flats,5,526745.5,4519020,1515.72625,392.5875,391.26625,2334.90625,460.853347,24.1753374,112.7789291,323.8990805,351.796485,272.9242341,34.28332884,83.14621569,155.4946896,18.98555532,235.0982254,235.0982254,655.61,615.1031818,716.0909091,-210.6374242,105.1623864
6_10,6,10,2022,Salt Flats,5,526745.5,4519020,425,115.41,70.85375,611.26375,279.7625371,41.55611395,67.1347319,171.0716913,110.1945421,460.853347,24.1753374,112.7789291,323.8990805,34.28332884,155.4946896,155.4946896,2334.90625,-1108.539318,-374.6353409,-487.8149242,-215.2501136
6_10,6,10,2023,Salt Flats,5,526745.5,4519020,1252.98,452.23875,1866.70625,3609.92125,459.1884177,45.56557518,48.514,365.1088425,264.0594934,279.7625371,41.55611395,67.1347319,171.0716913,24.1753374,323.8990805,323.8990805,611.26375,1890.118182,453.3446591,-150.9861742,1580.602386
6_7,6,7,2013,Salt Flats,6,525321.5,4522480,927.1075,307.5125,33.06,1267.68,283.4637407,71.53691312,26.416,185.5108276,121.0842916,218.4399754,89.4125901,18.288,110.7393853,6.461728181,230.6514318,230.6514318,NA,-93.35556818,419.4046591,-227.7401136,-196.8929545
6_7,6,7,2014,Salt Flats,6,525321.5,4522480,702.41125,568.60375,7.0625,1332.57,432.6752132,171.0734367,76.2,185.4017765,127.7420991,283.4637407,71.53691312,26.416,185.5108276,89.4125901,110.7393853,110.7393853,1267.68,-28.46556818,194.7084091,33.35113636,-222.8904545
6_7,6,7,2015,Salt Flats,6,525321.5,4522480,773.05,566.6525,29.2375,1384.88375,374.6088417,65.85808055,60.198,248.5527611,226.1172731,432.6752132,171.0734367,76.2,185.4017765,71.53691312,185.5108276,185.5108276,1332.57,23.84818182,265.3471591,31.39988636,-200.7154545
6_7,6,7,2016,Salt Flats,6,525321.5,4522480,318.2075,632.24625,24.95875,1082.3125,247.3352456,63.07581038,71.374,112.8854352,106.9173107,374.6088417,65.85808055,60.198,248.5527611,171.0734367,185.4017765,185.4017765,1384.88375,-278.7230682,-189.4953409,96.99363636,-204.9942045
6_7,6,7,2017,Salt Flats,6,525321.5,4522480,554.8125,476.775,139.79625,1172.86375,310.9402101,73.3476219,55.88,181.7125882,151.0124434,247.3352456,63.07581038,71.374,112.8854352,65.85808055,248.5527611,248.5527611,1082.3125,-188.1718182,47.10965909,-58.47761364,-90.15670455
6_7,6,7,2018,Salt Flats,6,525321.5,4522480,306.705,520.30125,16.55125,941.6425,315.180349,84.96386977,53.34,176.8764792,171.23047,310.9402101,73.3476219,55.88,181.7125882,63.07581038,112.8854352,112.8854352,1172.86375,-419.3930682,-200.9978409,-14.95136364,-213.4017045
6_7,6,7,2019,Salt Flats,6,525321.5,4522480,393.06875,1035.2325,192.5525,1704.1075,344.9007256,18.88185234,75.96864167,250.0502316,291.2493744,315.180349,84.96386977,53.34,176.8764792,73.3476219,181.7125882,181.7125882,941.6425,343.0719318,-114.6340909,499.9798864,-37.40045455
6_7,6,7,2020,Salt Flats,6,525321.5,4522480,167.925,302.12375,103.5225,604.39625,280.2555555,38.4953685,80.06103191,161.6991551,186.7276158,344.9007256,18.88185234,75.96864167,250.0502316,84.96386977,176.8764792,176.8764792,1704.1075,-756.6393182,-339.7778409,-233.1288636,-126.4304545
6_7,6,7,2021,Salt Flats,6,525321.5,4522480,357.99375,490.0075,178.47875,1377.90125,343.0675287,27.52222962,113.2986256,202.2466735,235.2095012,280.2555555,38.4953685,80.06103191,161.6991551,18.88185234,250.0502316,250.0502316,604.39625,16.86568182,-149.7090909,-45.24511364,-51.47420455
6_7,6,7,2022,Salt Flats,6,525321.5,4522480,160.9725,183.1225,72.2125,479.485,280.2251698,36.63325642,66.14840387,177.4435095,99.69030425,343.0675287,27.52222962,113.2986256,202.2466735,38.4953685,161.6991551,161.6991551,1377.90125,-881.5505682,-346.7303409,-352.1301136,-157.7404545
6_7,6,7,2023,Salt Flats,6,525321.5,4522480,922.4775,805.20125,1732.05,3623.54875,440.9728096,51.46397572,48.514,340.9948339,224.6954903,280.2251698,36.63325642,66.14840387,177.4435095,27.52222962,202.2466735,202.2466735,479.485,2262.513182,414.7746591,269.9486364,1502.097045
6_9,6,9,2013,Sandy,6,526949,4520365,328.50375,580.44375,139.7975,1142.8625,274.0653946,75.01928499,26.416,172.6301096,119.4866475,204.4500364,81.66757849,18.288,104.4944579,5.155703093,241.3239796,241.3239796,NA,-771.6333333,-13.09905303,-424.9725758,-367.9267045
6_9,6,9,2014,Sandy,6,526949,4520365,503.61875,1442.76875,108.38,2234.86125,441.536423,181.3849398,76.2,183.9514832,123.6303848,274.0653946,75.01928499,26.416,172.6301096,81.66757849,104.4944579,104.4944579,1142.8625,320.3654167,162.015947,437.3524242,-399.3442045
6_9,6,9,2015,Sandy,6,526949,4520365,315.31375,1418.48375,101.18125,2003.3,381.5029243,74.08500784,60.198,247.2199165,221.8697347,441.536423,181.3849398,76.2,183.9514832,75.01928499,172.6301096,172.6301096,2234.86125,88.80416667,-26.28905303,413.0674242,-406.5429545
6_9,6,9,2016,Sandy,6,526949,4520365,80.79625,1020.285,145.11125,1295.50375,240.1017934,60.05372048,71.374,108.6740729,104.6871113,381.5029243,74.08500784,60.198,247.2199165,181.3849398,183.9514832,183.9514832,2003.3,-618.9920833,-260.806553,14.86867424,-362.6129545
6_9,6,9,2017,Sandy,6,526949,4520365,228.8220833,1562.875833,205.5425,1998.249167,315.8521129,69.10360522,55.88,190.8685077,156.403654,240.1017934,60.05372048,71.374,108.6740729,74.08500784,247.2199165,247.2199165,1295.50375,83.75333333,-112.7807197,557.4595076,-302.1817045
6_9,6,9,2018,Sandy,6,526949,4520365,225.16875,877.125,99.49875,1265.165,317.114073,81.19236923,53.34,182.5817038,175.5419069,315.8521129,69.10360522,55.88,190.8685077,60.05372048,108.6740729,108.6740729,1998.249167,-649.3308333,-116.434053,-128.2913258,-408.2254545
6_9,6,9,2019,Sandy,6,526949,4520365,287.97625,816.87375,994.7325,2113.11125,346.3346452,19.99874008,78.91409222,247.4218129,292.9307816,317.114073,81.19236923,53.34,182.5817038,69.10360522,190.8685077,190.8685077,1265.165,198.6154167,-53.62655303,-188.5425758,487.0082955
6_9,6,9,2020,Sandy,6,526949,4520365,188.62625,474.5875,186.21625,849.71875,287.6652861,36.36239121,81.42938608,169.8735088,193.001148,346.3346452,19.99874008,78.91409222,247.4218129,81.19236923,182.5817038,182.5817038,2113.11125,-1064.777083,-152.976553,-530.8288258,-321.5079545
6_9,6,9,2021,Sandy,6,526949,4520365,212.81,984.28,1272.27,2492.26125,409.0697968,24.88477788,113.0489241,271.1360948,299.3934777,287.6652861,36.36239121,81.42938608,169.8735088,19.99874008,247.4218129,247.4218129,849.71875,577.7654167,-128.792803,-21.13632576,764.5457955
6_9,6,9,2022,Sandy,6,526949,4520365,158.2275,207.69,317.6875,741.45375,285.5985794,39.70777999,66.69844878,179.1923506,107.5910362,409.0697968,24.88477788,113.0489241,271.1360948,36.36239121,169.8735088,169.8735088,2492.26125,-1173.042083,-183.375303,-797.7263258,-190.0367045
6_9,6,9,2023,Sandy,6,526949,4520365,1227.7675,1674.16625,2014.54875,4922.9675,461.5818023,45.4364752,48.514,367.6313271,255.9544395,285.5985794,39.70777999,66.69844878,179.1923506,24.88477788,271.1360948,271.1360948,741.45375,3008.471667,886.164697,668.7499242,1506.824545
